event,producer,consumers,payload,business_significance
IdentityRegistered,Identity & Access,Audit & Compliance; interested projections by subscription,eventId: Identifier; eventVersion: Integer; occurredAt: Timestamp; recordedAt: Timestamp; correlationId: Identifier; causationId: Identifier; actorId: Identifier?; academyId: Identifier?; aggregateId: Identifier; aggregateVersion: Integer; changeSummary; effectiveAt,Communicates a material Identity & Access fact so dependent domains can react without direct database coupling.
IdentityVerified,Identity & Access,Audit & Compliance; interested projections by subscription,eventId: Identifier; eventVersion: Integer; occurredAt: Timestamp; recordedAt: Timestamp; correlationId: Identifier; causationId: Identifier; actorId: Identifier?; academyId: Identifier?; aggregateId: Identifier; aggregateVersion: Integer; changeSummary; effectiveAt,Communicates a material Identity & Access fact so dependent domains can react without direct database coupling.
SessionStarted,Identity & Access,Audit & Compliance; interested projections by subscription,eventId: Identifier; eventVersion: Integer; occurredAt: Timestamp; recordedAt: Timestamp; correlationId: Identifier; causationId: Identifier; actorId: Identifier?; academyId: Identifier?; aggregateId: Identifier; aggregateVersion: Integer; changeSummary; effectiveAt,Marks the authoritative beginning of a timed or controlled business process.
SessionRevoked,Identity & Access,Audit & Compliance; interested projections by subscription,eventId: Identifier; eventVersion: Integer; occurredAt: Timestamp; recordedAt: Timestamp; correlationId: Identifier; causationId: Identifier; actorId: Identifier?; academyId: Identifier?; aggregateId: Identifier; aggregateVersion: Integer; changeSummary; effectiveAt,Removes an entitlement or permission and requires downstream access refresh.
MFAEnrolled,Identity & Access,Audit & Compliance; interested projections by subscription,eventId: Identifier; eventVersion: Integer; occurredAt: Timestamp; recordedAt: Timestamp; correlationId: Identifier; causationId: Identifier; actorId: Identifier?; academyId: Identifier?; aggregateId: Identifier; aggregateVersion: Integer; changeSummary; effectiveAt,Communicates a material Identity & Access fact so dependent domains can react without direct database coupling.
AccountSuspended,Identity & Access,Audit & Compliance; interested projections by subscription,eventId: Identifier; eventVersion: Integer; occurredAt: Timestamp; recordedAt: Timestamp; correlationId: Identifier; causationId: Identifier; actorId: Identifier?; academyId: Identifier?; aggregateId: Identifier; aggregateVersion: Integer; changeSummary; effectiveAt,Blocks further activity while preserving history and opening operational follow-up.
StudentRegistered,Student Relationship,Academic Intelligence; Communication,eventId: Identifier; eventVersion: Integer; occurredAt: Timestamp; recordedAt: Timestamp; correlationId: Identifier; causationId: Identifier; actorId: Identifier?; academyId: Identifier?; aggregateId: Identifier; aggregateVersion: Integer; studentRelationshipId; personId; academyId; state?,Communicates a material Student Relationship fact so dependent domains can react without direct database coupling.
StudentActivated,Student Relationship,Academic Intelligence; Communication,eventId: Identifier; eventVersion: Integer; occurredAt: Timestamp; recordedAt: Timestamp; correlationId: Identifier; causationId: Identifier; actorId: Identifier?; academyId: Identifier?; aggregateId: Identifier; aggregateVersion: Integer; studentRelationshipId; personId; academyId; state?,Begins an authorized effective lifecycle state.
StudentInactivated,Student Relationship,Academic Intelligence; Communication,eventId: Identifier; eventVersion: Integer; occurredAt: Timestamp; recordedAt: Timestamp; correlationId: Identifier; causationId: Identifier; actorId: Identifier?; academyId: Identifier?; aggregateId: Identifier; aggregateVersion: Integer; studentRelationshipId; personId; academyId; state?,Begins an authorized effective lifecycle state.
StudentBecameAlumnus,Student Relationship,Academic Intelligence; Communication,eventId: Identifier; eventVersion: Integer; occurredAt: Timestamp; recordedAt: Timestamp; correlationId: Identifier; causationId: Identifier; actorId: Identifier?; academyId: Identifier?; aggregateId: Identifier; aggregateVersion: Integer; studentRelationshipId; personId; academyId; state?,Communicates a material Student Relationship fact so dependent domains can react without direct database coupling.
AcademyCreated,Academy,Audit & Compliance; interested projections by subscription,eventId: Identifier; eventVersion: Integer; occurredAt: Timestamp; recordedAt: Timestamp; correlationId: Identifier; causationId: Identifier; actorId: Identifier?; academyId: Identifier?; aggregateId: Identifier; aggregateVersion: Integer; changeSummary; effectiveAt,Establishes a new canonical business object for downstream workflows.
AcademyPolicyChanged,Academy,Audit & Compliance; interested projections by subscription,eventId: Identifier; eventVersion: Integer; occurredAt: Timestamp; recordedAt: Timestamp; correlationId: Identifier; causationId: Identifier; actorId: Identifier?; academyId: Identifier?; aggregateId: Identifier; aggregateVersion: Integer; changeSummary; effectiveAt,Notifies dependent domains that a material policy or state has changed.
AcademySuspended,Academy,Audit & Compliance; interested projections by subscription,eventId: Identifier; eventVersion: Integer; occurredAt: Timestamp; recordedAt: Timestamp; correlationId: Identifier; causationId: Identifier; actorId: Identifier?; academyId: Identifier?; aggregateId: Identifier; aggregateVersion: Integer; changeSummary; effectiveAt,Blocks further activity while preserving history and opening operational follow-up.
MembershipAssigned,Academy,Audit & Compliance; interested projections by subscription,eventId: Identifier; eventVersion: Integer; occurredAt: Timestamp; recordedAt: Timestamp; correlationId: Identifier; causationId: Identifier; actorId: Identifier?; academyId: Identifier?; aggregateId: Identifier; aggregateVersion: Integer; changeSummary; effectiveAt,"Creates a scoped responsibility, entitlement or planned activity."
SponsorAccessGranted,Sponsor Relationship,Audit & Compliance; Communication,eventId: Identifier; eventVersion: Integer; occurredAt: Timestamp; recordedAt: Timestamp; correlationId: Identifier; causationId: Identifier; actorId: Identifier?; academyId: Identifier?; aggregateId: Identifier; aggregateVersion: Integer; sponsorRelationshipId; studentId; visibilityPolicyVersionId; state,Communicates a material Sponsor Relationship fact so dependent domains can react without direct database coupling.
SponsorAccessChanged,Sponsor Relationship,Audit & Compliance; Communication,eventId: Identifier; eventVersion: Integer; occurredAt: Timestamp; recordedAt: Timestamp; correlationId: Identifier; causationId: Identifier; actorId: Identifier?; academyId: Identifier?; aggregateId: Identifier; aggregateVersion: Integer; sponsorRelationshipId; studentId; visibilityPolicyVersionId; state,Notifies dependent domains that a material policy or state has changed.
SponsorAccessRevoked,Sponsor Relationship,Audit & Compliance; Communication,eventId: Identifier; eventVersion: Integer; occurredAt: Timestamp; recordedAt: Timestamp; correlationId: Identifier; causationId: Identifier; actorId: Identifier?; academyId: Identifier?; aggregateId: Identifier; aggregateVersion: Integer; sponsorRelationshipId; studentId; visibilityPolicyVersionId; state,Removes an entitlement or permission and requires downstream access refresh.
ExamProductCreated,Exam Product & Specification,Audit & Compliance; interested projections by subscription,eventId: Identifier; eventVersion: Integer; occurredAt: Timestamp; recordedAt: Timestamp; correlationId: Identifier; causationId: Identifier; actorId: Identifier?; academyId: Identifier?; aggregateId: Identifier; aggregateVersion: Integer; changeSummary; effectiveAt,Establishes a new canonical business object for downstream workflows.
ExamSpecificationPublished,Exam Product & Specification,Competency Framework; Course & Offering,eventId: Identifier; eventVersion: Integer; occurredAt: Timestamp; recordedAt: Timestamp; correlationId: Identifier; causationId: Identifier; actorId: Identifier?; academyId: Identifier?; aggregateId: Identifier; aggregateVersion: Integer; changeSummary; effectiveAt,Makes an approved immutable version eligible for governed use.
ScoreScaleChanged,Exam Product & Specification,Audit & Compliance; interested projections by subscription,eventId: Identifier; eventVersion: Integer; occurredAt: Timestamp; recordedAt: Timestamp; correlationId: Identifier; causationId: Identifier; actorId: Identifier?; academyId: Identifier?; aggregateId: Identifier; aggregateVersion: Integer; changeSummary; effectiveAt,Notifies dependent domains that a material policy or state has changed.
SpecificationRetired,Exam Product & Specification,Audit & Compliance; interested projections by subscription,eventId: Identifier; eventVersion: Integer; occurredAt: Timestamp; recordedAt: Timestamp; correlationId: Identifier; causationId: Identifier; actorId: Identifier?; academyId: Identifier?; aggregateId: Identifier; aggregateVersion: Integer; changeSummary; effectiveAt,Ends normal future use while retaining historical resolvability.
CompetencyFrameworkPublished,Competency Framework,Assessment Definition; Learning Content; Mastery; Question Bank,eventId: Identifier; eventVersion: Integer; occurredAt: Timestamp; recordedAt: Timestamp; correlationId: Identifier; causationId: Identifier; actorId: Identifier?; academyId: Identifier?; aggregateId: Identifier; aggregateVersion: Integer; changeSummary; effectiveAt,Makes an approved immutable version eligible for governed use.
CompetencyMapped,Competency Framework,Audit & Compliance; interested projections by subscription,eventId: Identifier; eventVersion: Integer; occurredAt: Timestamp; recordedAt: Timestamp; correlationId: Identifier; causationId: Identifier; actorId: Identifier?; academyId: Identifier?; aggregateId: Identifier; aggregateVersion: Integer; changeSummary; effectiveAt,Communicates a material Competency Framework fact so dependent domains can react without direct database coupling.
CompetencyRetired,Competency Framework,Audit & Compliance; interested projections by subscription,eventId: Identifier; eventVersion: Integer; occurredAt: Timestamp; recordedAt: Timestamp; correlationId: Identifier; causationId: Identifier; actorId: Identifier?; academyId: Identifier?; aggregateId: Identifier; aggregateVersion: Integer; changeSummary; effectiveAt,Ends normal future use while retaining historical resolvability.
CourseCreated,Course & Offering,Audit & Compliance; interested projections by subscription,eventId: Identifier; eventVersion: Integer; occurredAt: Timestamp; recordedAt: Timestamp; correlationId: Identifier; causationId: Identifier; actorId: Identifier?; academyId: Identifier?; aggregateId: Identifier; aggregateVersion: Integer; changeSummary; effectiveAt,Establishes a new canonical business object for downstream workflows.
CourseVersionPublished,Course & Offering,Audit & Compliance; interested projections by subscription,eventId: Identifier; eventVersion: Integer; occurredAt: Timestamp; recordedAt: Timestamp; correlationId: Identifier; causationId: Identifier; actorId: Identifier?; academyId: Identifier?; aggregateId: Identifier; aggregateVersion: Integer; changeSummary; effectiveAt,Makes an approved immutable version eligible for governed use.
OfferingOpened,Course & Offering,Enrollment,eventId: Identifier; eventVersion: Integer; occurredAt: Timestamp; recordedAt: Timestamp; correlationId: Identifier; causationId: Identifier; actorId: Identifier?; academyId: Identifier?; aggregateId: Identifier; aggregateVersion: Integer; changeSummary; effectiveAt,Communicates a material Course & Offering fact so dependent domains can react without direct database coupling.
OfferingClosed,Course & Offering,Enrollment,eventId: Identifier; eventVersion: Integer; occurredAt: Timestamp; recordedAt: Timestamp; correlationId: Identifier; causationId: Identifier; actorId: Identifier?; academyId: Identifier?; aggregateId: Identifier; aggregateVersion: Integer; changeSummary; effectiveAt,Communicates a material Course & Offering fact so dependent domains can react without direct database coupling.
InstructorAssigned,Course & Offering,Audit & Compliance; interested projections by subscription,eventId: Identifier; eventVersion: Integer; occurredAt: Timestamp; recordedAt: Timestamp; correlationId: Identifier; causationId: Identifier; actorId: Identifier?; academyId: Identifier?; aggregateId: Identifier; aggregateVersion: Integer; changeSummary; effectiveAt,"Creates a scoped responsibility, entitlement or planned activity."
EnrollmentRequested,Enrollment,Academic Intelligence; Communication; Learning Workspace; Preparation Journey,eventId: Identifier; eventVersion: Integer; occurredAt: Timestamp; recordedAt: Timestamp; correlationId: Identifier; causationId: Identifier; actorId: Identifier?; academyId: Identifier?; aggregateId: Identifier; aggregateVersion: Integer; enrollmentId; studentId; offeringId; previousState?; newState?; effectiveAt,Communicates a material Enrollment fact so dependent domains can react without direct database coupling.
EnrollmentActivated,Enrollment,Academic Intelligence; Communication; Exam Simulation; Goal Management; Learning Workspace; Preparation Journey; Student Relationship,eventId: Identifier; eventVersion: Integer; occurredAt: Timestamp; recordedAt: Timestamp; correlationId: Identifier; causationId: Identifier; actorId: Identifier?; academyId: Identifier?; aggregateId: Identifier; aggregateVersion: Integer; enrollmentId; studentId; offeringId; previousState?; newState?; effectiveAt,Begins an authorized effective lifecycle state.
EnrollmentSuspended,Enrollment,Academic Intelligence; Communication; Examination Delivery; Learning Workspace; Preparation Journey,eventId: Identifier; eventVersion: Integer; occurredAt: Timestamp; recordedAt: Timestamp; correlationId: Identifier; causationId: Identifier; actorId: Identifier?; academyId: Identifier?; aggregateId: Identifier; aggregateVersion: Integer; enrollmentId; studentId; offeringId; previousState?; newState?; effectiveAt,Blocks further activity while preserving history and opening operational follow-up.
EnrollmentTransferred,Enrollment,Academic Intelligence; Communication; Learning Workspace; Preparation Journey,eventId: Identifier; eventVersion: Integer; occurredAt: Timestamp; recordedAt: Timestamp; correlationId: Identifier; causationId: Identifier; actorId: Identifier?; academyId: Identifier?; aggregateId: Identifier; aggregateVersion: Integer; enrollmentId; studentId; offeringId; previousState?; newState?; effectiveAt,Communicates a material Enrollment fact so dependent domains can react without direct database coupling.
EnrollmentCompleted,Enrollment,Academic Intelligence; Communication; Learning Workspace; Preparation Journey; Sponsor Relationship; Student Relationship,eventId: Identifier; eventVersion: Integer; occurredAt: Timestamp; recordedAt: Timestamp; correlationId: Identifier; causationId: Identifier; actorId: Identifier?; academyId: Identifier?; aggregateId: Identifier; aggregateVersion: Integer; enrollmentId; studentId; offeringId; previousState?; newState?; effectiveAt,Confirms a business activity reached its valid terminal outcome and can feed evidence or projections.
EnrollmentExpired,Enrollment,Academic Intelligence; Communication; Learning Workspace; Preparation Journey,eventId: Identifier; eventVersion: Integer; occurredAt: Timestamp; recordedAt: Timestamp; correlationId: Identifier; causationId: Identifier; actorId: Identifier?; academyId: Identifier?; aggregateId: Identifier; aggregateVersion: Integer; enrollmentId; studentId; offeringId; previousState?; newState?; effectiveAt,Communicates a material Enrollment fact so dependent domains can react without direct database coupling.
ExamGoalCreated,Goal Management,Exam Readiness; Preparation Journey; Recommendation Engine; Study Planning,eventId: Identifier; eventVersion: Integer; occurredAt: Timestamp; recordedAt: Timestamp; correlationId: Identifier; causationId: Identifier; actorId: Identifier?; academyId: Identifier?; aggregateId: Identifier; aggregateVersion: Integer; goalId; goalVersionId; examProductVersionId; targetSummary; targetDate?,Establishes a new canonical business object for downstream workflows.
GoalActivated,Goal Management,Exam Readiness; Preparation Journey; Recommendation Engine; Study Planning,eventId: Identifier; eventVersion: Integer; occurredAt: Timestamp; recordedAt: Timestamp; correlationId: Identifier; causationId: Identifier; actorId: Identifier?; academyId: Identifier?; aggregateId: Identifier; aggregateVersion: Integer; goalId; goalVersionId; examProductVersionId; targetSummary; targetDate?,Begins an authorized effective lifecycle state.
GoalRevised,Goal Management,Adaptive Practice; Diagnostic Assessment; Exam Readiness; Learning Path; Preparation Journey; Recommendation Engine; Study Planning,eventId: Identifier; eventVersion: Integer; occurredAt: Timestamp; recordedAt: Timestamp; correlationId: Identifier; causationId: Identifier; actorId: Identifier?; academyId: Identifier?; aggregateId: Identifier; aggregateVersion: Integer; goalId; goalVersionId; examProductVersionId; targetSummary; targetDate?,Communicates a material Goal Management fact so dependent domains can react without direct database coupling.
GoalPaused,Goal Management,Exam Readiness; Preparation Journey; Recommendation Engine; Study Planning,eventId: Identifier; eventVersion: Integer; occurredAt: Timestamp; recordedAt: Timestamp; correlationId: Identifier; causationId: Identifier; actorId: Identifier?; academyId: Identifier?; aggregateId: Identifier; aggregateVersion: Integer; goalId; goalVersionId; examProductVersionId; targetSummary; targetDate?,Communicates a material Goal Management fact so dependent domains can react without direct database coupling.
GoalAchieved,Goal Management,Exam Readiness; Preparation Journey; Recommendation Engine; Study Planning,eventId: Identifier; eventVersion: Integer; occurredAt: Timestamp; recordedAt: Timestamp; correlationId: Identifier; causationId: Identifier; actorId: Identifier?; academyId: Identifier?; aggregateId: Identifier; aggregateVersion: Integer; goalId; goalVersionId; examProductVersionId; targetSummary; targetDate?,Communicates a material Goal Management fact so dependent domains can react without direct database coupling.
GoalClosed,Goal Management,Exam Readiness; Preparation Journey; Recommendation Engine; Study Planning,eventId: Identifier; eventVersion: Integer; occurredAt: Timestamp; recordedAt: Timestamp; correlationId: Identifier; causationId: Identifier; actorId: Identifier?; academyId: Identifier?; aggregateId: Identifier; aggregateVersion: Integer; goalId; goalVersionId; examProductVersionId; targetSummary; targetDate?,Communicates a material Goal Management fact so dependent domains can react without direct database coupling.
JourneyCreated,Preparation Journey,Academic Intelligence; Diagnostic Assessment; Learning Workspace; Student Success,eventId: Identifier; eventVersion: Integer; occurredAt: Timestamp; recordedAt: Timestamp; correlationId: Identifier; causationId: Identifier; actorId: Identifier?; academyId: Identifier?; aggregateId: Identifier; aggregateVersion: Integer; journeyId; enrollmentId; goalVersionId; previousStage?; newStage?,Establishes a new canonical business object for downstream workflows.
JourneyStageChanged,Preparation Journey,Academic Intelligence; Learning Workspace; Student Success,eventId: Identifier; eventVersion: Integer; occurredAt: Timestamp; recordedAt: Timestamp; correlationId: Identifier; causationId: Identifier; actorId: Identifier?; academyId: Identifier?; aggregateId: Identifier; aggregateVersion: Integer; journeyId; enrollmentId; goalVersionId; previousStage?; newStage?,Notifies dependent domains that a material policy or state has changed.
JourneyPaused,Preparation Journey,Academic Intelligence; Learning Workspace; Student Success,eventId: Identifier; eventVersion: Integer; occurredAt: Timestamp; recordedAt: Timestamp; correlationId: Identifier; causationId: Identifier; actorId: Identifier?; academyId: Identifier?; aggregateId: Identifier; aggregateVersion: Integer; journeyId; enrollmentId; goalVersionId; previousStage?; newStage?,Communicates a material Preparation Journey fact so dependent domains can react without direct database coupling.
JourneyResumed,Preparation Journey,Academic Intelligence; Learning Workspace; Student Success,eventId: Identifier; eventVersion: Integer; occurredAt: Timestamp; recordedAt: Timestamp; correlationId: Identifier; causationId: Identifier; actorId: Identifier?; academyId: Identifier?; aggregateId: Identifier; aggregateVersion: Integer; journeyId; enrollmentId; goalVersionId; previousStage?; newStage?,Communicates a material Preparation Journey fact so dependent domains can react without direct database coupling.
JourneyCompleted,Preparation Journey,Academic Intelligence; Learning Workspace; Student Relationship; Student Success,eventId: Identifier; eventVersion: Integer; occurredAt: Timestamp; recordedAt: Timestamp; correlationId: Identifier; causationId: Identifier; actorId: Identifier?; academyId: Identifier?; aggregateId: Identifier; aggregateVersion: Integer; journeyId; enrollmentId; goalVersionId; previousStage?; newStage?,Confirms a business activity reached its valid terminal outcome and can feed evidence or projections.
RetakePlanned,Preparation Journey,Audit & Compliance; interested projections by subscription,eventId: Identifier; eventVersion: Integer; occurredAt: Timestamp; recordedAt: Timestamp; correlationId: Identifier; causationId: Identifier; actorId: Identifier?; academyId: Identifier?; aggregateId: Identifier; aggregateVersion: Integer; changeSummary; effectiveAt,Communicates a material Preparation Journey fact so dependent domains can react without direct database coupling.
DiagnosticAssigned,Diagnostic Assessment,Academic Evidence; Exam Readiness; Learning Path; Recommendation Engine,eventId: Identifier; eventVersion: Integer; occurredAt: Timestamp; recordedAt: Timestamp; correlationId: Identifier; causationId: Identifier; actorId: Identifier?; academyId: Identifier?; aggregateId: Identifier; aggregateVersion: Integer; diagnosticAssignmentId; attemptId?; journeyId; coverageSummary?; confidence?,"Creates a scoped responsibility, entitlement or planned activity."
DiagnosticStarted,Diagnostic Assessment,Academic Evidence; Exam Readiness; Learning Path; Recommendation Engine,eventId: Identifier; eventVersion: Integer; occurredAt: Timestamp; recordedAt: Timestamp; correlationId: Identifier; causationId: Identifier; actorId: Identifier?; academyId: Identifier?; aggregateId: Identifier; aggregateVersion: Integer; diagnosticAssignmentId; attemptId?; journeyId; coverageSummary?; confidence?,Marks the authoritative beginning of a timed or controlled business process.
DiagnosticCompleted,Diagnostic Assessment,Academic Evidence; Exam Readiness; Learning Path; Preparation Journey; Recommendation Engine,eventId: Identifier; eventVersion: Integer; occurredAt: Timestamp; recordedAt: Timestamp; correlationId: Identifier; causationId: Identifier; actorId: Identifier?; academyId: Identifier?; aggregateId: Identifier; aggregateVersion: Integer; diagnosticAssignmentId; attemptId?; journeyId; coverageSummary?; confidence?,Confirms a business activity reached its valid terminal outcome and can feed evidence or projections.
BaselineEstablished,Diagnostic Assessment,Learning Path,eventId: Identifier; eventVersion: Integer; occurredAt: Timestamp; recordedAt: Timestamp; correlationId: Identifier; causationId: Identifier; actorId: Identifier?; academyId: Identifier?; aggregateId: Identifier; aggregateVersion: Integer; changeSummary; effectiveAt,Communicates a material Diagnostic Assessment fact so dependent domains can react without direct database coupling.
GapAnalysisProduced,Diagnostic Assessment,Audit & Compliance; interested projections by subscription,eventId: Identifier; eventVersion: Integer; occurredAt: Timestamp; recordedAt: Timestamp; correlationId: Identifier; causationId: Identifier; actorId: Identifier?; academyId: Identifier?; aggregateId: Identifier; aggregateVersion: Integer; changeSummary; effectiveAt,Communicates a material Diagnostic Assessment fact so dependent domains can react without direct database coupling.
DiagnosticWaived,Diagnostic Assessment,Academic Evidence; Academic Intelligence; Academic Operations; Audit & Compliance; Exam Readiness; Learning Path; Recommendation Engine,eventId: Identifier; eventVersion: Integer; occurredAt: Timestamp; recordedAt: Timestamp; correlationId: Identifier; causationId: Identifier; actorId: Identifier?; academyId: Identifier?; aggregateId: Identifier; aggregateVersion: Integer; diagnosticAssignmentId; attemptId?; journeyId; coverageSummary?; confidence?; aiRunId; capability; modelVersionId; promptVersionId; status; cost?; latency?; confidence?,Communicates a material Diagnostic Assessment fact so dependent domains can react without direct database coupling.
CurriculumPublished,Learning Content,Course & Offering,eventId: Identifier; eventVersion: Integer; occurredAt: Timestamp; recordedAt: Timestamp; correlationId: Identifier; causationId: Identifier; actorId: Identifier?; academyId: Identifier?; aggregateId: Identifier; aggregateVersion: Integer; changeSummary; effectiveAt,Makes an approved immutable version eligible for governed use.
LessonReleased,Learning Content,Audit & Compliance; interested projections by subscription,eventId: Identifier; eventVersion: Integer; occurredAt: Timestamp; recordedAt: Timestamp; correlationId: Identifier; causationId: Identifier; actorId: Identifier?; academyId: Identifier?; aggregateId: Identifier; aggregateVersion: Integer; changeSummary; effectiveAt,"Makes an approved result, feedback or capability visible to its intended audience."
LearningActivityCompleted,Learning Content,Recommendation Engine,eventId: Identifier; eventVersion: Integer; occurredAt: Timestamp; recordedAt: Timestamp; correlationId: Identifier; causationId: Identifier; actorId: Identifier?; academyId: Identifier?; aggregateId: Identifier; aggregateVersion: Integer; changeSummary; effectiveAt,Confirms a business activity reached its valid terminal outcome and can feed evidence or projections.
ResourceRetired,Learning Content,Audit & Compliance; interested projections by subscription,eventId: Identifier; eventVersion: Integer; occurredAt: Timestamp; recordedAt: Timestamp; correlationId: Identifier; causationId: Identifier; actorId: Identifier?; academyId: Identifier?; aggregateId: Identifier; aggregateVersion: Integer; changeSummary; effectiveAt,Ends normal future use while retaining historical resolvability.
LearningPathGenerated,Learning Path,Audit & Compliance; interested projections by subscription,eventId: Identifier; eventVersion: Integer; occurredAt: Timestamp; recordedAt: Timestamp; correlationId: Identifier; causationId: Identifier; actorId: Identifier?; academyId: Identifier?; aggregateId: Identifier; aggregateVersion: Integer; changeSummary; effectiveAt,Produces a governed derived object that must retain its policy and evidence provenance.
LearningPathAssigned,Learning Path,Study Planning,eventId: Identifier; eventVersion: Integer; occurredAt: Timestamp; recordedAt: Timestamp; correlationId: Identifier; causationId: Identifier; actorId: Identifier?; academyId: Identifier?; aggregateId: Identifier; aggregateVersion: Integer; changeSummary; effectiveAt,"Creates a scoped responsibility, entitlement or planned activity."
PathStepUnlocked,Learning Path,Audit & Compliance; interested projections by subscription,eventId: Identifier; eventVersion: Integer; occurredAt: Timestamp; recordedAt: Timestamp; correlationId: Identifier; causationId: Identifier; actorId: Identifier?; academyId: Identifier?; aggregateId: Identifier; aggregateVersion: Integer; changeSummary; effectiveAt,Communicates a material Learning Path fact so dependent domains can react without direct database coupling.
LearningPathRevised,Learning Path,Audit & Compliance; interested projections by subscription,eventId: Identifier; eventVersion: Integer; occurredAt: Timestamp; recordedAt: Timestamp; correlationId: Identifier; causationId: Identifier; actorId: Identifier?; academyId: Identifier?; aggregateId: Identifier; aggregateVersion: Integer; changeSummary; effectiveAt,Communicates a material Learning Path fact so dependent domains can react without direct database coupling.
LearningPathCompleted,Learning Path,Audit & Compliance; interested projections by subscription,eventId: Identifier; eventVersion: Integer; occurredAt: Timestamp; recordedAt: Timestamp; correlationId: Identifier; causationId: Identifier; actorId: Identifier?; academyId: Identifier?; aggregateId: Identifier; aggregateVersion: Integer; changeSummary; effectiveAt,Confirms a business activity reached its valid terminal outcome and can feed evidence or projections.
StudyPlanCreated,Study Planning,Learning Workspace; Recommendation Engine; Student Success,eventId: Identifier; eventVersion: Integer; occurredAt: Timestamp; recordedAt: Timestamp; correlationId: Identifier; causationId: Identifier; actorId: Identifier?; academyId: Identifier?; aggregateId: Identifier; aggregateVersion: Integer; studyPlanId?; activityId?; journeyId; dueAt?; status?,Establishes a new canonical business object for downstream workflows.
StudyPlanActivated,Study Planning,Learning Workspace; Recommendation Engine; Student Success,eventId: Identifier; eventVersion: Integer; occurredAt: Timestamp; recordedAt: Timestamp; correlationId: Identifier; causationId: Identifier; actorId: Identifier?; academyId: Identifier?; aggregateId: Identifier; aggregateVersion: Integer; studyPlanId?; activityId?; journeyId; dueAt?; status?,Begins an authorized effective lifecycle state.
StudyActivityScheduled,Study Planning,Learning Workspace; Recommendation Engine; Student Success,eventId: Identifier; eventVersion: Integer; occurredAt: Timestamp; recordedAt: Timestamp; correlationId: Identifier; causationId: Identifier; actorId: Identifier?; academyId: Identifier?; aggregateId: Identifier; aggregateVersion: Integer; studyPlanId?; activityId?; journeyId; dueAt?; status?,Communicates a material Study Planning fact so dependent domains can react without direct database coupling.
StudyActivityMissed,Study Planning,Learning Workspace; Recommendation Engine; Student Success,eventId: Identifier; eventVersion: Integer; occurredAt: Timestamp; recordedAt: Timestamp; correlationId: Identifier; causationId: Identifier; actorId: Identifier?; academyId: Identifier?; aggregateId: Identifier; aggregateVersion: Integer; studyPlanId?; activityId?; journeyId; dueAt?; status?,Communicates a material Study Planning fact so dependent domains can react without direct database coupling.
StudyPlanRevised,Study Planning,Learning Workspace; Recommendation Engine; Student Success,eventId: Identifier; eventVersion: Integer; occurredAt: Timestamp; recordedAt: Timestamp; correlationId: Identifier; causationId: Identifier; actorId: Identifier?; academyId: Identifier?; aggregateId: Identifier; aggregateVersion: Integer; studyPlanId?; activityId?; journeyId; dueAt?; status?,Communicates a material Study Planning fact so dependent domains can react without direct database coupling.
StudyPlanCompleted,Study Planning,Achievement & Milestones; Learning Workspace; Recommendation Engine; Student Success,eventId: Identifier; eventVersion: Integer; occurredAt: Timestamp; recordedAt: Timestamp; correlationId: Identifier; causationId: Identifier; actorId: Identifier?; academyId: Identifier?; aggregateId: Identifier; aggregateVersion: Integer; studyPlanId?; activityId?; journeyId; dueAt?; status?,Confirms a business activity reached its valid terminal outcome and can feed evidence or projections.
WorkspaceActivated,Learning Workspace,Audit & Compliance; interested projections by subscription,eventId: Identifier; eventVersion: Integer; occurredAt: Timestamp; recordedAt: Timestamp; correlationId: Identifier; causationId: Identifier; actorId: Identifier?; academyId: Identifier?; aggregateId: Identifier; aggregateVersion: Integer; changeSummary; effectiveAt,Begins an authorized effective lifecycle state.
WorkspaceCapabilityUnlocked,Learning Workspace,Audit & Compliance; interested projections by subscription,eventId: Identifier; eventVersion: Integer; occurredAt: Timestamp; recordedAt: Timestamp; correlationId: Identifier; causationId: Identifier; actorId: Identifier?; academyId: Identifier?; aggregateId: Identifier; aggregateVersion: Integer; changeSummary; effectiveAt,Communicates a material Learning Workspace fact so dependent domains can react without direct database coupling.
NextActionPresented,Learning Workspace,Audit & Compliance; interested projections by subscription,eventId: Identifier; eventVersion: Integer; occurredAt: Timestamp; recordedAt: Timestamp; correlationId: Identifier; causationId: Identifier; actorId: Identifier?; academyId: Identifier?; aggregateId: Identifier; aggregateVersion: Integer; changeSummary; effectiveAt,Communicates a material Learning Workspace fact so dependent domains can react without direct database coupling.
QuestionCreated,Question Bank,Academic Operations; Academic Publishing; Psychometrics & Item Quality,eventId: Identifier; eventVersion: Integer; occurredAt: Timestamp; recordedAt: Timestamp; correlationId: Identifier; causationId: Identifier; actorId: Identifier?; academyId: Identifier?; aggregateId: Identifier; aggregateVersion: Integer; questionItemId; questionVersionId?; state; publicationPackageId?,Establishes a new canonical business object for downstream workflows.
QuestionSubmittedForReview,Question Bank,Academic Operations; Academic Publishing; Psychometrics & Item Quality,eventId: Identifier; eventVersion: Integer; occurredAt: Timestamp; recordedAt: Timestamp; correlationId: Identifier; causationId: Identifier; actorId: Identifier?; academyId: Identifier?; aggregateId: Identifier; aggregateVersion: Integer; questionItemId; questionVersionId?; state; publicationPackageId?,Locks or accepts a business submission and starts downstream evaluation.
QuestionApproved,Question Bank,Academic Operations; Academic Publishing; Psychometrics & Item Quality,eventId: Identifier; eventVersion: Integer; occurredAt: Timestamp; recordedAt: Timestamp; correlationId: Identifier; causationId: Identifier; actorId: Identifier?; academyId: Identifier?; aggregateId: Identifier; aggregateVersion: Integer; questionItemId; questionVersionId?; state; publicationPackageId?,Confirms an authorized quality or governance gate has passed.
QuestionPublished,Question Bank,Academic Operations; Academic Publishing; Assessment Definition; Psychometrics & Item Quality,eventId: Identifier; eventVersion: Integer; occurredAt: Timestamp; recordedAt: Timestamp; correlationId: Identifier; causationId: Identifier; actorId: Identifier?; academyId: Identifier?; aggregateId: Identifier; aggregateVersion: Integer; questionItemId; questionVersionId?; state; publicationPackageId?,Makes an approved immutable version eligible for governed use.
QuestionRetired,Question Bank,Academic Operations; Academic Publishing; Adaptive Practice; Psychometrics & Item Quality,eventId: Identifier; eventVersion: Integer; occurredAt: Timestamp; recordedAt: Timestamp; correlationId: Identifier; causationId: Identifier; actorId: Identifier?; academyId: Identifier?; aggregateId: Identifier; aggregateVersion: Integer; questionItemId; questionVersionId?; state; publicationPackageId?,Ends normal future use while retaining historical resolvability.
QuestionWithdrawn,Question Bank,Academic Operations; Academic Publishing; Psychometrics & Item Quality,eventId: Identifier; eventVersion: Integer; occurredAt: Timestamp; recordedAt: Timestamp; correlationId: Identifier; causationId: Identifier; actorId: Identifier?; academyId: Identifier?; aggregateId: Identifier; aggregateVersion: Integer; questionItemId; questionVersionId?; state; publicationPackageId?,Stops new use of a defective or unsuitable published object while preserving impact history.
InternalReviewCompleted,Academic Publishing,Audit & Compliance; interested projections by subscription,eventId: Identifier; eventVersion: Integer; occurredAt: Timestamp; recordedAt: Timestamp; correlationId: Identifier; causationId: Identifier; actorId: Identifier?; academyId: Identifier?; aggregateId: Identifier; aggregateVersion: Integer; changeSummary; effectiveAt,Confirms a business activity reached its valid terminal outcome and can feed evidence or projections.
AcademicReviewCompleted,Academic Publishing,Competency Framework,eventId: Identifier; eventVersion: Integer; occurredAt: Timestamp; recordedAt: Timestamp; correlationId: Identifier; causationId: Identifier; actorId: Identifier?; academyId: Identifier?; aggregateId: Identifier; aggregateVersion: Integer; changeSummary; effectiveAt,Confirms a business activity reached its valid terminal outcome and can feed evidence or projections.
QualityAssurancePassed,Academic Publishing,Audit & Compliance; interested projections by subscription,eventId: Identifier; eventVersion: Integer; occurredAt: Timestamp; recordedAt: Timestamp; correlationId: Identifier; causationId: Identifier; actorId: Identifier?; academyId: Identifier?; aggregateId: Identifier; aggregateVersion: Integer; changeSummary; effectiveAt,Communicates a material Academic Publishing fact so dependent domains can react without direct database coupling.
PilotCompleted,Academic Publishing,Audit & Compliance; interested projections by subscription,eventId: Identifier; eventVersion: Integer; occurredAt: Timestamp; recordedAt: Timestamp; correlationId: Identifier; causationId: Identifier; actorId: Identifier?; academyId: Identifier?; aggregateId: Identifier; aggregateVersion: Integer; changeSummary; effectiveAt,Confirms a business activity reached its valid terminal outcome and can feed evidence or projections.
PublicationApproved,Academic Publishing,Academic Operations; Assessment Definition; Audit & Compliance; Learning Content; Learning Workspace,eventId: Identifier; eventVersion: Integer; occurredAt: Timestamp; recordedAt: Timestamp; correlationId: Identifier; causationId: Identifier; actorId: Identifier?; academyId: Identifier?; aggregateId: Identifier; aggregateVersion: Integer; publicationPackageId; objectReferences; state; effectiveAt?,Confirms an authorized quality or governance gate has passed.
ContentPublished,Academic Publishing,Academic Operations; Communication; Learning Workspace,eventId: Identifier; eventVersion: Integer; occurredAt: Timestamp; recordedAt: Timestamp; correlationId: Identifier; causationId: Identifier; actorId: Identifier?; academyId: Identifier?; aggregateId: Identifier; aggregateVersion: Integer; contentId; contentVersionId; publicationState; effectiveAt?,Makes an approved immutable version eligible for governed use.
ContentRetired,Academic Publishing,Academic Operations; Communication; Learning Workspace,eventId: Identifier; eventVersion: Integer; occurredAt: Timestamp; recordedAt: Timestamp; correlationId: Identifier; causationId: Identifier; actorId: Identifier?; academyId: Identifier?; aggregateId: Identifier; aggregateVersion: Integer; contentId; contentVersionId; publicationState; effectiveAt?,Ends normal future use while retaining historical resolvability.
ContentWithdrawn,Academic Publishing,Academic Operations; Communication; Learning Workspace,eventId: Identifier; eventVersion: Integer; occurredAt: Timestamp; recordedAt: Timestamp; correlationId: Identifier; causationId: Identifier; actorId: Identifier?; academyId: Identifier?; aggregateId: Identifier; aggregateVersion: Integer; contentId; contentVersionId; publicationState; effectiveAt?,Stops new use of a defective or unsuitable published object while preserving impact history.
PracticeSessionGenerated,Adaptive Practice,Audit & Compliance; interested projections by subscription,eventId: Identifier; eventVersion: Integer; occurredAt: Timestamp; recordedAt: Timestamp; correlationId: Identifier; causationId: Identifier; actorId: Identifier?; academyId: Identifier?; aggregateId: Identifier; aggregateVersion: Integer; changeSummary; effectiveAt,Produces a governed derived object that must retain its policy and evidence provenance.
PracticeSessionStarted,Adaptive Practice,Audit & Compliance; interested projections by subscription,eventId: Identifier; eventVersion: Integer; occurredAt: Timestamp; recordedAt: Timestamp; correlationId: Identifier; causationId: Identifier; actorId: Identifier?; academyId: Identifier?; aggregateId: Identifier; aggregateVersion: Integer; changeSummary; effectiveAt,Marks the authoritative beginning of a timed or controlled business process.
PracticeResponseEvaluated,Adaptive Practice,Audit & Compliance; interested projections by subscription,eventId: Identifier; eventVersion: Integer; occurredAt: Timestamp; recordedAt: Timestamp; correlationId: Identifier; causationId: Identifier; actorId: Identifier?; academyId: Identifier?; aggregateId: Identifier; aggregateVersion: Integer; changeSummary; effectiveAt,Communicates a material Adaptive Practice fact so dependent domains can react without direct database coupling.
PracticeSessionCompleted,Adaptive Practice,Academic Evidence; Achievement & Milestones,eventId: Identifier; eventVersion: Integer; occurredAt: Timestamp; recordedAt: Timestamp; correlationId: Identifier; causationId: Identifier; actorId: Identifier?; academyId: Identifier?; aggregateId: Identifier; aggregateVersion: Integer; changeSummary; effectiveAt,Confirms a business activity reached its valid terminal outcome and can feed evidence or projections.
PracticeMasterySignalProduced,Adaptive Practice,Academic Intelligence; Exam Readiness; Recommendation Engine; Student Success,eventId: Identifier; eventVersion: Integer; occurredAt: Timestamp; recordedAt: Timestamp; correlationId: Identifier; causationId: Identifier; actorId: Identifier?; academyId: Identifier?; aggregateId: Identifier; aggregateVersion: Integer; masteryEstimateId; journeyId; competencyId; level; confidence; modelVersionId,Communicates a material Adaptive Practice fact so dependent domains can react without direct database coupling.
AssessmentCreated,Assessment Definition,Academic Evidence; Academic Intelligence; Academic Operations; Communication,eventId: Identifier; eventVersion: Integer; occurredAt: Timestamp; recordedAt: Timestamp; correlationId: Identifier; causationId: Identifier; actorId: Identifier?; academyId: Identifier?; aggregateId: Identifier; aggregateVersion: Integer; assessmentId; versionId?; formId?; deliveryId?; state; effectiveAt?,Establishes a new canonical business object for downstream workflows.
AssessmentVersionApproved,Assessment Definition,Academic Evidence; Academic Intelligence; Academic Operations; Communication,eventId: Identifier; eventVersion: Integer; occurredAt: Timestamp; recordedAt: Timestamp; correlationId: Identifier; causationId: Identifier; actorId: Identifier?; academyId: Identifier?; aggregateId: Identifier; aggregateVersion: Integer; assessmentId; versionId?; formId?; deliveryId?; state; effectiveAt?,Confirms an authorized quality or governance gate has passed.
AssessmentFormPublished,Assessment Definition,Academic Evidence; Academic Intelligence; Academic Operations; Communication; Exam Simulation; Examination Delivery; Psychometrics & Item Quality,eventId: Identifier; eventVersion: Integer; occurredAt: Timestamp; recordedAt: Timestamp; correlationId: Identifier; causationId: Identifier; actorId: Identifier?; academyId: Identifier?; aggregateId: Identifier; aggregateVersion: Integer; assessmentId; versionId?; formId?; deliveryId?; state; effectiveAt?,Makes an approved immutable version eligible for governed use.
AssessmentRetired,Assessment Definition,Academic Evidence; Academic Intelligence; Academic Operations; Communication,eventId: Identifier; eventVersion: Integer; occurredAt: Timestamp; recordedAt: Timestamp; correlationId: Identifier; causationId: Identifier; actorId: Identifier?; academyId: Identifier?; aggregateId: Identifier; aggregateVersion: Integer; assessmentId; versionId?; formId?; deliveryId?; state; effectiveAt?,Ends normal future use while retaining historical resolvability.
SimulationPublished,Exam Simulation,Academic Evidence; Academic Intelligence; Academic Operations; Exam Readiness,eventId: Identifier; eventVersion: Integer; occurredAt: Timestamp; recordedAt: Timestamp; correlationId: Identifier; causationId: Identifier; actorId: Identifier?; academyId: Identifier?; aggregateId: Identifier; aggregateVersion: Integer; simulationId; sessionId?; policyPackId; journeyId?; state; incidentSummary?,Makes an approved immutable version eligible for governed use.
SimulationScheduled,Exam Simulation,Academic Evidence; Academic Intelligence; Academic Operations; Exam Readiness; Examination Delivery,eventId: Identifier; eventVersion: Integer; occurredAt: Timestamp; recordedAt: Timestamp; correlationId: Identifier; causationId: Identifier; actorId: Identifier?; academyId: Identifier?; aggregateId: Identifier; aggregateVersion: Integer; simulationId; sessionId?; policyPackId; journeyId?; state; incidentSummary?,Communicates a material Exam Simulation fact so dependent domains can react without direct database coupling.
SimulationStarted,Exam Simulation,Academic Evidence; Academic Intelligence; Academic Operations; Exam Readiness,eventId: Identifier; eventVersion: Integer; occurredAt: Timestamp; recordedAt: Timestamp; correlationId: Identifier; causationId: Identifier; actorId: Identifier?; academyId: Identifier?; aggregateId: Identifier; aggregateVersion: Integer; simulationId; sessionId?; policyPackId; journeyId?; state; incidentSummary?,Marks the authoritative beginning of a timed or controlled business process.
SimulationSectionCompleted,Exam Simulation,Academic Evidence; Academic Intelligence; Academic Operations; Exam Readiness,eventId: Identifier; eventVersion: Integer; occurredAt: Timestamp; recordedAt: Timestamp; correlationId: Identifier; causationId: Identifier; actorId: Identifier?; academyId: Identifier?; aggregateId: Identifier; aggregateVersion: Integer; simulationId; sessionId?; policyPackId; journeyId?; state; incidentSummary?,Confirms a business activity reached its valid terminal outcome and can feed evidence or projections.
SimulationIncidentRecorded,Exam Simulation,Academic Evidence; Academic Intelligence; Academic Operations; Exam Readiness,eventId: Identifier; eventVersion: Integer; occurredAt: Timestamp; recordedAt: Timestamp; correlationId: Identifier; causationId: Identifier; actorId: Identifier?; academyId: Identifier?; aggregateId: Identifier; aggregateVersion: Integer; simulationId; sessionId?; policyPackId; journeyId?; state; incidentSummary?,Adds an immutable or append-oriented fact to the business record.
SimulationCompleted,Exam Simulation,Academic Evidence; Academic Intelligence; Academic Operations; Exam Readiness,eventId: Identifier; eventVersion: Integer; occurredAt: Timestamp; recordedAt: Timestamp; correlationId: Identifier; causationId: Identifier; actorId: Identifier?; academyId: Identifier?; aggregateId: Identifier; aggregateVersion: Integer; simulationId; sessionId?; policyPackId; journeyId?; state; incidentSummary?,Confirms a business activity reached its valid terminal outcome and can feed evidence or projections.
SimulationInvalidated,Exam Simulation,Academic Evidence; Academic Intelligence; Academic Operations; Exam Readiness,eventId: Identifier; eventVersion: Integer; occurredAt: Timestamp; recordedAt: Timestamp; correlationId: Identifier; causationId: Identifier; actorId: Identifier?; academyId: Identifier?; aggregateId: Identifier; aggregateVersion: Integer; simulationId; sessionId?; policyPackId; journeyId?; state; incidentSummary?,Communicates a material Exam Simulation fact so dependent domains can react without direct database coupling.
DeliveryOpened,Examination Delivery,Audit & Compliance; interested projections by subscription,eventId: Identifier; eventVersion: Integer; occurredAt: Timestamp; recordedAt: Timestamp; correlationId: Identifier; causationId: Identifier; actorId: Identifier?; academyId: Identifier?; aggregateId: Identifier; aggregateVersion: Integer; changeSummary; effectiveAt,Communicates a material Examination Delivery fact so dependent domains can react without direct database coupling.
AttemptCreated,Examination Delivery,Academic Operations; Audit & Compliance; Submission & Grading,eventId: Identifier; eventVersion: Integer; occurredAt: Timestamp; recordedAt: Timestamp; correlationId: Identifier; causationId: Identifier; actorId: Identifier?; academyId: Identifier?; aggregateId: Identifier; aggregateVersion: Integer; attemptId; deliveryId; enrollmentId; journeyId; state; submittedAt?,Establishes a new canonical business object for downstream workflows.
AttemptStarted,Examination Delivery,Academic Operations; Audit & Compliance; Submission & Grading,eventId: Identifier; eventVersion: Integer; occurredAt: Timestamp; recordedAt: Timestamp; correlationId: Identifier; causationId: Identifier; actorId: Identifier?; academyId: Identifier?; aggregateId: Identifier; aggregateVersion: Integer; attemptId; deliveryId; enrollmentId; journeyId; state; submittedAt?,Marks the authoritative beginning of a timed or controlled business process.
ResponseSaved,Examination Delivery,Audit & Compliance; interested projections by subscription,eventId: Identifier; eventVersion: Integer; occurredAt: Timestamp; recordedAt: Timestamp; correlationId: Identifier; causationId: Identifier; actorId: Identifier?; academyId: Identifier?; aggregateId: Identifier; aggregateVersion: Integer; changeSummary; effectiveAt,Communicates a material Examination Delivery fact so dependent domains can react without direct database coupling.
SectionSubmitted,Examination Delivery,Audit & Compliance; interested projections by subscription,eventId: Identifier; eventVersion: Integer; occurredAt: Timestamp; recordedAt: Timestamp; correlationId: Identifier; causationId: Identifier; actorId: Identifier?; academyId: Identifier?; aggregateId: Identifier; aggregateVersion: Integer; changeSummary; effectiveAt,Locks or accepts a business submission and starts downstream evaluation.
AttemptSubmitted,Examination Delivery,Academic Operations; Audit & Compliance; Psychometrics & Item Quality; Submission & Grading,eventId: Identifier; eventVersion: Integer; occurredAt: Timestamp; recordedAt: Timestamp; correlationId: Identifier; causationId: Identifier; actorId: Identifier?; academyId: Identifier?; aggregateId: Identifier; aggregateVersion: Integer; attemptId; deliveryId; enrollmentId; journeyId; state; submittedAt?,Locks or accepts a business submission and starts downstream evaluation.
AttemptExpired,Examination Delivery,Academic Operations; Audit & Compliance; Submission & Grading,eventId: Identifier; eventVersion: Integer; occurredAt: Timestamp; recordedAt: Timestamp; correlationId: Identifier; causationId: Identifier; actorId: Identifier?; academyId: Identifier?; aggregateId: Identifier; aggregateVersion: Integer; attemptId; deliveryId; enrollmentId; journeyId; state; submittedAt?,Communicates a material Examination Delivery fact so dependent domains can react without direct database coupling.
AttemptInvalidated,Examination Delivery,Academic Operations; Audit & Compliance; Submission & Grading,eventId: Identifier; eventVersion: Integer; occurredAt: Timestamp; recordedAt: Timestamp; correlationId: Identifier; causationId: Identifier; actorId: Identifier?; academyId: Identifier?; aggregateId: Identifier; aggregateVersion: Integer; attemptId; deliveryId; enrollmentId; journeyId; state; submittedAt?,Communicates a material Examination Delivery fact so dependent domains can react without direct database coupling.
SubmissionReceived,Submission & Grading,Audit & Compliance; interested projections by subscription,eventId: Identifier; eventVersion: Integer; occurredAt: Timestamp; recordedAt: Timestamp; correlationId: Identifier; causationId: Identifier; actorId: Identifier?; academyId: Identifier?; aggregateId: Identifier; aggregateVersion: Integer; changeSummary; effectiveAt,Communicates a material Submission & Grading fact so dependent domains can react without direct database coupling.
ObjectiveGradeCalculated,Submission & Grading,Academic Evidence; Communication; Exam Readiness; Learning Workspace,eventId: Identifier; eventVersion: Integer; occurredAt: Timestamp; recordedAt: Timestamp; correlationId: Identifier; causationId: Identifier; actorId: Identifier?; academyId: Identifier?; aggregateId: Identifier; aggregateVersion: Integer; gradeRunId?; gradeDecisionId?; submissionId; scoreSummary; rubricVersionId; confidence?,Communicates a material Submission & Grading fact so dependent domains can react without direct database coupling.
AIGradeRequested,Submission & Grading,AI Academic Intelligence; Academic Evidence; Academic Intelligence; Academic Operations; Audit & Compliance; Communication; Exam Readiness; Learning Workspace,eventId: Identifier; eventVersion: Integer; occurredAt: Timestamp; recordedAt: Timestamp; correlationId: Identifier; causationId: Identifier; actorId: Identifier?; academyId: Identifier?; aggregateId: Identifier; aggregateVersion: Integer; gradeRunId?; gradeDecisionId?; submissionId; scoreSummary; rubricVersionId; confidence?; aiRunId; capability; modelVersionId; promptVersionId; status; cost?; latency?; confidence?,Communicates a material Submission & Grading fact so dependent domains can react without direct database coupling.
InstructorReviewRequested,Submission & Grading,Audit & Compliance; interested projections by subscription,eventId: Identifier; eventVersion: Integer; occurredAt: Timestamp; recordedAt: Timestamp; correlationId: Identifier; causationId: Identifier; actorId: Identifier?; academyId: Identifier?; aggregateId: Identifier; aggregateVersion: Integer; changeSummary; effectiveAt,Communicates a material Submission & Grading fact so dependent domains can react without direct database coupling.
GradeDecisionCreated,Submission & Grading,Academic Evidence; Communication; Exam Readiness; Learning Workspace,eventId: Identifier; eventVersion: Integer; occurredAt: Timestamp; recordedAt: Timestamp; correlationId: Identifier; causationId: Identifier; actorId: Identifier?; academyId: Identifier?; aggregateId: Identifier; aggregateVersion: Integer; gradeRunId?; gradeDecisionId?; submissionId; scoreSummary; rubricVersionId; confidence?,Establishes a new canonical business object for downstream workflows.
GradeOverridden,Submission & Grading,Academic Evidence; Communication; Exam Readiness; Learning Workspace,eventId: Identifier; eventVersion: Integer; occurredAt: Timestamp; recordedAt: Timestamp; correlationId: Identifier; causationId: Identifier; actorId: Identifier?; academyId: Identifier?; aggregateId: Identifier; aggregateVersion: Integer; gradeRunId?; gradeDecisionId?; submissionId; scoreSummary; rubricVersionId; confidence?,Communicates a material Submission & Grading fact so dependent domains can react without direct database coupling.
GradeReleased,Submission & Grading,Academic Evidence; Communication; Exam Readiness; Learning Workspace,eventId: Identifier; eventVersion: Integer; occurredAt: Timestamp; recordedAt: Timestamp; correlationId: Identifier; causationId: Identifier; actorId: Identifier?; academyId: Identifier?; aggregateId: Identifier; aggregateVersion: Integer; gradeRunId?; gradeDecisionId?; submissionId; scoreSummary; rubricVersionId; confidence?,"Makes an approved result, feedback or capability visible to its intended audience."
AcademicEvidenceRecorded,Academic Evidence,Academic Intelligence; Exam Readiness; Mastery,eventId: Identifier; eventVersion: Integer; occurredAt: Timestamp; recordedAt: Timestamp; correlationId: Identifier; causationId: Identifier; actorId: Identifier?; academyId: Identifier?; aggregateId: Identifier; aggregateVersion: Integer; evidenceId; journeyId; competencyId; sourceType; sourceId; reliability; effectiveAt,Adds an immutable or append-oriented fact to the business record.
EvidenceSuperseded,Academic Evidence,Academic Intelligence; Exam Readiness; Mastery,eventId: Identifier; eventVersion: Integer; occurredAt: Timestamp; recordedAt: Timestamp; correlationId: Identifier; causationId: Identifier; actorId: Identifier?; academyId: Identifier?; aggregateId: Identifier; aggregateVersion: Integer; evidenceId; journeyId; competencyId; sourceType; sourceId; reliability; effectiveAt,Communicates a material Academic Evidence fact so dependent domains can react without direct database coupling.
EvidenceInvalidated,Academic Evidence,Academic Intelligence; Exam Readiness; Mastery,eventId: Identifier; eventVersion: Integer; occurredAt: Timestamp; recordedAt: Timestamp; correlationId: Identifier; causationId: Identifier; actorId: Identifier?; academyId: Identifier?; aggregateId: Identifier; aggregateVersion: Integer; evidenceId; journeyId; competencyId; sourceType; sourceId; reliability; effectiveAt,Communicates a material Academic Evidence fact so dependent domains can react without direct database coupling.
MasteryCalculated,Mastery,Academic Intelligence; Exam Readiness; Recommendation Engine; Student Success,eventId: Identifier; eventVersion: Integer; occurredAt: Timestamp; recordedAt: Timestamp; correlationId: Identifier; causationId: Identifier; actorId: Identifier?; academyId: Identifier?; aggregateId: Identifier; aggregateVersion: Integer; masteryEstimateId; journeyId; competencyId; level; confidence; modelVersionId,Communicates a material Mastery fact so dependent domains can react without direct database coupling.
MasteryUpdated,Mastery,Academic Intelligence; Adaptive Practice; Exam Readiness; Learning Path; Recommendation Engine; Student Success,eventId: Identifier; eventVersion: Integer; occurredAt: Timestamp; recordedAt: Timestamp; correlationId: Identifier; causationId: Identifier; actorId: Identifier?; academyId: Identifier?; aggregateId: Identifier; aggregateVersion: Integer; masteryEstimateId; journeyId; competencyId; level; confidence; modelVersionId,Signals a material derived or business-state change requiring dependent projections to refresh.
SkillWeaknessDetected,Mastery,Audit & Compliance; interested projections by subscription,eventId: Identifier; eventVersion: Integer; occurredAt: Timestamp; recordedAt: Timestamp; correlationId: Identifier; causationId: Identifier; actorId: Identifier?; academyId: Identifier?; aggregateId: Identifier; aggregateVersion: Integer; changeSummary; effectiveAt,"Identifies an explainable risk, gap, incident or milestone requiring evaluation."
SkillMasteryConfirmed,Mastery,Academic Intelligence; Achievement & Milestones; Exam Readiness; Recommendation Engine; Student Success,eventId: Identifier; eventVersion: Integer; occurredAt: Timestamp; recordedAt: Timestamp; correlationId: Identifier; causationId: Identifier; actorId: Identifier?; academyId: Identifier?; aggregateId: Identifier; aggregateVersion: Integer; masteryEstimateId; journeyId; competencyId; level; confidence; modelVersionId,Communicates a material Mastery fact so dependent domains can react without direct database coupling.
MasteryConfidenceChanged,Mastery,Academic Intelligence; Exam Readiness; Recommendation Engine; Student Success,eventId: Identifier; eventVersion: Integer; occurredAt: Timestamp; recordedAt: Timestamp; correlationId: Identifier; causationId: Identifier; actorId: Identifier?; academyId: Identifier?; aggregateId: Identifier; aggregateVersion: Integer; masteryEstimateId; journeyId; competencyId; level; confidence; modelVersionId,Notifies dependent domains that a material policy or state has changed.
ReadinessCalculated,Exam Readiness,Academic Intelligence; Communication; Learning Workspace; Recommendation Engine; Student Success,eventId: Identifier; eventVersion: Integer; occurredAt: Timestamp; recordedAt: Timestamp; correlationId: Identifier; causationId: Identifier; actorId: Identifier?; academyId: Identifier?; aggregateId: Identifier; aggregateVersion: Integer; readinessSnapshotId; journeyId; goalVersionId; state; predictedScoreRange; confidence; modelVersionId,Communicates a material Exam Readiness fact so dependent domains can react without direct database coupling.
ReadinessUpdated,Exam Readiness,AI Academic Intelligence; Academic Intelligence; Communication; Learning Workspace; Recommendation Engine; Student Success,eventId: Identifier; eventVersion: Integer; occurredAt: Timestamp; recordedAt: Timestamp; correlationId: Identifier; causationId: Identifier; actorId: Identifier?; academyId: Identifier?; aggregateId: Identifier; aggregateVersion: Integer; readinessSnapshotId; journeyId; goalVersionId; state; predictedScoreRange; confidence; modelVersionId,Signals a material derived or business-state change requiring dependent projections to refresh.
ReadinessStateChanged,Exam Readiness,Academic Intelligence; Communication; Learning Workspace; Preparation Journey; Recommendation Engine; Student Success,eventId: Identifier; eventVersion: Integer; occurredAt: Timestamp; recordedAt: Timestamp; correlationId: Identifier; causationId: Identifier; actorId: Identifier?; academyId: Identifier?; aggregateId: Identifier; aggregateVersion: Integer; readinessSnapshotId; journeyId; goalVersionId; state; predictedScoreRange; confidence; modelVersionId,Notifies dependent domains that a material policy or state has changed.
TargetReadinessAchieved,Exam Readiness,Academic Intelligence; Achievement & Milestones; Communication; Learning Workspace; Recommendation Engine; Student Success,eventId: Identifier; eventVersion: Integer; occurredAt: Timestamp; recordedAt: Timestamp; correlationId: Identifier; causationId: Identifier; actorId: Identifier?; academyId: Identifier?; aggregateId: Identifier; aggregateVersion: Integer; readinessSnapshotId; journeyId; goalVersionId; state; predictedScoreRange; confidence; modelVersionId,Communicates a material Exam Readiness fact so dependent domains can react without direct database coupling.
ReadinessRiskDetected,Exam Readiness,Academic Intelligence; Communication; Learning Path; Learning Workspace; Recommendation Engine; Student Success,eventId: Identifier; eventVersion: Integer; occurredAt: Timestamp; recordedAt: Timestamp; correlationId: Identifier; causationId: Identifier; actorId: Identifier?; academyId: Identifier?; aggregateId: Identifier; aggregateVersion: Integer; readinessSnapshotId; journeyId; goalVersionId; state; predictedScoreRange; confidence; modelVersionId,"Identifies an explainable risk, gap, incident or milestone requiring evaluation."
RecommendationGenerated,Recommendation Engine,Academic Intelligence; Learning Workspace; Study Planning,eventId: Identifier; eventVersion: Integer; occurredAt: Timestamp; recordedAt: Timestamp; correlationId: Identifier; causationId: Identifier; actorId: Identifier?; academyId: Identifier?; aggregateId: Identifier; aggregateVersion: Integer; recommendationId; journeyId; activityReference; objective; status; policyVersionId; expiresAt?,Produces a governed derived object that must retain its policy and evidence provenance.
RecommendationPresented,Recommendation Engine,Academic Intelligence; Learning Workspace; Study Planning,eventId: Identifier; eventVersion: Integer; occurredAt: Timestamp; recordedAt: Timestamp; correlationId: Identifier; causationId: Identifier; actorId: Identifier?; academyId: Identifier?; aggregateId: Identifier; aggregateVersion: Integer; recommendationId; journeyId; activityReference; objective; status; policyVersionId; expiresAt?,Communicates a material Recommendation Engine fact so dependent domains can react without direct database coupling.
RecommendationAccepted,Recommendation Engine,Academic Intelligence; Adaptive Practice; Learning Workspace; Study Planning,eventId: Identifier; eventVersion: Integer; occurredAt: Timestamp; recordedAt: Timestamp; correlationId: Identifier; causationId: Identifier; actorId: Identifier?; academyId: Identifier?; aggregateId: Identifier; aggregateVersion: Integer; recommendationId; journeyId; activityReference; objective; status; policyVersionId; expiresAt?,Communicates a material Recommendation Engine fact so dependent domains can react without direct database coupling.
RecommendationDismissed,Recommendation Engine,Academic Intelligence; Learning Workspace; Study Planning,eventId: Identifier; eventVersion: Integer; occurredAt: Timestamp; recordedAt: Timestamp; correlationId: Identifier; causationId: Identifier; actorId: Identifier?; academyId: Identifier?; aggregateId: Identifier; aggregateVersion: Integer; recommendationId; journeyId; activityReference; objective; status; policyVersionId; expiresAt?,Communicates a material Recommendation Engine fact so dependent domains can react without direct database coupling.
RecommendationOutcomeEvaluated,Recommendation Engine,Academic Intelligence; Learning Workspace; Study Planning,eventId: Identifier; eventVersion: Integer; occurredAt: Timestamp; recordedAt: Timestamp; correlationId: Identifier; causationId: Identifier; actorId: Identifier?; academyId: Identifier?; aggregateId: Identifier; aggregateVersion: Integer; recommendationId; journeyId; activityReference; objective; status; policyVersionId; expiresAt?,Communicates a material Recommendation Engine fact so dependent domains can react without direct database coupling.
AIRequestAccepted,AI Academic Intelligence,Academic Intelligence; Academic Operations; Audit & Compliance,eventId: Identifier; eventVersion: Integer; occurredAt: Timestamp; recordedAt: Timestamp; correlationId: Identifier; causationId: Identifier; actorId: Identifier?; academyId: Identifier?; aggregateId: Identifier; aggregateVersion: Integer; aiRunId; capability; modelVersionId; promptVersionId; status; cost?; latency?; confidence?,Communicates a material AI Academic Intelligence fact so dependent domains can react without direct database coupling.
AIGradeCompleted,AI Academic Intelligence,Academic Evidence; Academic Intelligence; Academic Operations; Audit & Compliance; Communication; Exam Readiness; Learning Workspace; Submission & Grading,eventId: Identifier; eventVersion: Integer; occurredAt: Timestamp; recordedAt: Timestamp; correlationId: Identifier; causationId: Identifier; actorId: Identifier?; academyId: Identifier?; aggregateId: Identifier; aggregateVersion: Integer; gradeRunId?; gradeDecisionId?; submissionId; scoreSummary; rubricVersionId; confidence?; aiRunId; capability; modelVersionId; promptVersionId; status; cost?; latency?; confidence?,Confirms a business activity reached its valid terminal outcome and can feed evidence or projections.
AIOutputRejected,AI Academic Intelligence,Academic Intelligence; Academic Operations; Audit & Compliance,eventId: Identifier; eventVersion: Integer; occurredAt: Timestamp; recordedAt: Timestamp; correlationId: Identifier; causationId: Identifier; actorId: Identifier?; academyId: Identifier?; aggregateId: Identifier; aggregateVersion: Integer; aiRunId; capability; modelVersionId; promptVersionId; status; cost?; latency?; confidence?,Communicates a material AI Academic Intelligence fact so dependent domains can react without direct database coupling.
AIReviewRequired,AI Academic Intelligence,Academic Intelligence; Academic Operations; Audit & Compliance,eventId: Identifier; eventVersion: Integer; occurredAt: Timestamp; recordedAt: Timestamp; correlationId: Identifier; causationId: Identifier; actorId: Identifier?; academyId: Identifier?; aggregateId: Identifier; aggregateVersion: Integer; aiRunId; capability; modelVersionId; promptVersionId; status; cost?; latency?; confidence?,Communicates a material AI Academic Intelligence fact so dependent domains can react without direct database coupling.
AIFeedbackReleased,AI Academic Intelligence,Academic Intelligence; Academic Operations; Audit & Compliance,eventId: Identifier; eventVersion: Integer; occurredAt: Timestamp; recordedAt: Timestamp; correlationId: Identifier; causationId: Identifier; actorId: Identifier?; academyId: Identifier?; aggregateId: Identifier; aggregateVersion: Integer; aiRunId; capability; modelVersionId; promptVersionId; status; cost?; latency?; confidence?,"Makes an approved result, feedback or capability visible to its intended audience."
AIModelChanged,AI Academic Intelligence,Academic Intelligence; Academic Operations; Audit & Compliance,eventId: Identifier; eventVersion: Integer; occurredAt: Timestamp; recordedAt: Timestamp; correlationId: Identifier; causationId: Identifier; actorId: Identifier?; academyId: Identifier?; aggregateId: Identifier; aggregateVersion: Integer; aiRunId; capability; modelVersionId; promptVersionId; status; cost?; latency?; confidence?,Notifies dependent domains that a material policy or state has changed.
AIIncidentDetected,AI Academic Intelligence,Academic Intelligence; Academic Operations; Audit & Compliance,eventId: Identifier; eventVersion: Integer; occurredAt: Timestamp; recordedAt: Timestamp; correlationId: Identifier; causationId: Identifier; actorId: Identifier?; academyId: Identifier?; aggregateId: Identifier; aggregateVersion: Integer; aiRunId; capability; modelVersionId; promptVersionId; status; cost?; latency?; confidence?,"Identifies an explainable risk, gap, incident or milestone requiring evaluation."
SuccessRiskDetected,Student Success,Academic Operations,eventId: Identifier; eventVersion: Integer; occurredAt: Timestamp; recordedAt: Timestamp; correlationId: Identifier; causationId: Identifier; actorId: Identifier?; academyId: Identifier?; aggregateId: Identifier; aggregateVersion: Integer; changeSummary; effectiveAt,"Identifies an explainable risk, gap, incident or milestone requiring evaluation."
InterventionCaseOpened,Student Success,Audit & Compliance; interested projections by subscription,eventId: Identifier; eventVersion: Integer; occurredAt: Timestamp; recordedAt: Timestamp; correlationId: Identifier; causationId: Identifier; actorId: Identifier?; academyId: Identifier?; aggregateId: Identifier; aggregateVersion: Integer; changeSummary; effectiveAt,Communicates a material Student Success fact so dependent domains can react without direct database coupling.
InterventionAssigned,Student Success,Communication,eventId: Identifier; eventVersion: Integer; occurredAt: Timestamp; recordedAt: Timestamp; correlationId: Identifier; causationId: Identifier; actorId: Identifier?; academyId: Identifier?; aggregateId: Identifier; aggregateVersion: Integer; changeSummary; effectiveAt,"Creates a scoped responsibility, entitlement or planned activity."
StudentContacted,Student Success,Academic Intelligence; Communication,eventId: Identifier; eventVersion: Integer; occurredAt: Timestamp; recordedAt: Timestamp; correlationId: Identifier; causationId: Identifier; actorId: Identifier?; academyId: Identifier?; aggregateId: Identifier; aggregateVersion: Integer; studentRelationshipId; personId; academyId; state?,Communicates a material Student Success fact so dependent domains can react without direct database coupling.
InterventionResolved,Student Success,Audit & Compliance; interested projections by subscription,eventId: Identifier; eventVersion: Integer; occurredAt: Timestamp; recordedAt: Timestamp; correlationId: Identifier; causationId: Identifier; actorId: Identifier?; academyId: Identifier?; aggregateId: Identifier; aggregateVersion: Integer; changeSummary; effectiveAt,Communicates a material Student Success fact so dependent domains can react without direct database coupling.
InterventionEscalated,Student Success,Audit & Compliance; interested projections by subscription,eventId: Identifier; eventVersion: Integer; occurredAt: Timestamp; recordedAt: Timestamp; correlationId: Identifier; causationId: Identifier; actorId: Identifier?; academyId: Identifier?; aggregateId: Identifier; aggregateVersion: Integer; changeSummary; effectiveAt,Communicates a material Student Success fact so dependent domains can react without direct database coupling.
AchievementAwarded,Achievement & Milestones,Academic Intelligence; Communication; Learning Workspace,eventId: Identifier; eventVersion: Integer; occurredAt: Timestamp; recordedAt: Timestamp; correlationId: Identifier; causationId: Identifier; actorId: Identifier?; academyId: Identifier?; aggregateId: Identifier; aggregateVersion: Integer; achievementDefinitionId; awardId?; journeyId; qualifyingEvidence,Communicates a material Achievement & Milestones fact so dependent domains can react without direct database coupling.
AchievementRevoked,Achievement & Milestones,Academic Intelligence; Communication; Learning Workspace,eventId: Identifier; eventVersion: Integer; occurredAt: Timestamp; recordedAt: Timestamp; correlationId: Identifier; causationId: Identifier; actorId: Identifier?; academyId: Identifier?; aggregateId: Identifier; aggregateVersion: Integer; achievementDefinitionId; awardId?; journeyId; qualifyingEvidence,Removes an entitlement or permission and requires downstream access refresh.
MilestoneReached,Achievement & Milestones,Audit & Compliance; interested projections by subscription,eventId: Identifier; eventVersion: Integer; occurredAt: Timestamp; recordedAt: Timestamp; correlationId: Identifier; causationId: Identifier; actorId: Identifier?; academyId: Identifier?; aggregateId: Identifier; aggregateVersion: Integer; changeSummary; effectiveAt,Communicates a material Achievement & Milestones fact so dependent domains can react without direct database coupling.
ItemStatisticsUpdated,Psychometrics & Item Quality,Audit & Compliance; interested projections by subscription,eventId: Identifier; eventVersion: Integer; occurredAt: Timestamp; recordedAt: Timestamp; correlationId: Identifier; causationId: Identifier; actorId: Identifier?; academyId: Identifier?; aggregateId: Identifier; aggregateVersion: Integer; changeSummary; effectiveAt,Signals a material derived or business-state change requiring dependent projections to refresh.
QualityIssueDetected,Psychometrics & Item Quality,Academic Publishing; Question Bank,eventId: Identifier; eventVersion: Integer; occurredAt: Timestamp; recordedAt: Timestamp; correlationId: Identifier; causationId: Identifier; actorId: Identifier?; academyId: Identifier?; aggregateId: Identifier; aggregateVersion: Integer; changeSummary; effectiveAt,"Identifies an explainable risk, gap, incident or milestone requiring evaluation."
PilotAnalysisCompleted,Psychometrics & Item Quality,Question Bank,eventId: Identifier; eventVersion: Integer; occurredAt: Timestamp; recordedAt: Timestamp; correlationId: Identifier; causationId: Identifier; actorId: Identifier?; academyId: Identifier?; aggregateId: Identifier; aggregateVersion: Integer; changeSummary; effectiveAt,Confirms a business activity reached its valid terminal outcome and can feed evidence or projections.
ItemRetirementRecommended,Psychometrics & Item Quality,Audit & Compliance; interested projections by subscription,eventId: Identifier; eventVersion: Integer; occurredAt: Timestamp; recordedAt: Timestamp; correlationId: Identifier; causationId: Identifier; actorId: Identifier?; academyId: Identifier?; aggregateId: Identifier; aggregateVersion: Integer; changeSummary; effectiveAt,Communicates a material Psychometrics & Item Quality fact so dependent domains can react without direct database coupling.
FormReliabilityCalculated,Psychometrics & Item Quality,Audit & Compliance; interested projections by subscription,eventId: Identifier; eventVersion: Integer; occurredAt: Timestamp; recordedAt: Timestamp; correlationId: Identifier; causationId: Identifier; actorId: Identifier?; academyId: Identifier?; aggregateId: Identifier; aggregateVersion: Integer; changeSummary; effectiveAt,Communicates a material Psychometrics & Item Quality fact so dependent domains can react without direct database coupling.
MetricCalculated,Academic Intelligence,Audit & Compliance; interested projections by subscription,eventId: Identifier; eventVersion: Integer; occurredAt: Timestamp; recordedAt: Timestamp; correlationId: Identifier; causationId: Identifier; actorId: Identifier?; academyId: Identifier?; aggregateId: Identifier; aggregateVersion: Integer; changeSummary; effectiveAt,Communicates a material Academic Intelligence fact so dependent domains can react without direct database coupling.
AcademicInsightDetected,Academic Intelligence,Audit & Compliance; interested projections by subscription,eventId: Identifier; eventVersion: Integer; occurredAt: Timestamp; recordedAt: Timestamp; correlationId: Identifier; causationId: Identifier; actorId: Identifier?; academyId: Identifier?; aggregateId: Identifier; aggregateVersion: Integer; changeSummary; effectiveAt,"Identifies an explainable risk, gap, incident or milestone requiring evaluation."
ReportGenerated,Academic Intelligence,Audit & Compliance; interested projections by subscription,eventId: Identifier; eventVersion: Integer; occurredAt: Timestamp; recordedAt: Timestamp; correlationId: Identifier; causationId: Identifier; actorId: Identifier?; academyId: Identifier?; aggregateId: Identifier; aggregateVersion: Integer; changeSummary; effectiveAt,Produces a governed derived object that must retain its policy and evidence provenance.
ExportCompleted,Academic Intelligence,Audit & Compliance; interested projections by subscription,eventId: Identifier; eventVersion: Integer; occurredAt: Timestamp; recordedAt: Timestamp; correlationId: Identifier; causationId: Identifier; actorId: Identifier?; academyId: Identifier?; aggregateId: Identifier; aggregateVersion: Integer; changeSummary; effectiveAt,Confirms a business activity reached its valid terminal outcome and can feed evidence or projections.
AcademicTaskAssigned,Academic Operations,Audit & Compliance; interested projections by subscription,eventId: Identifier; eventVersion: Integer; occurredAt: Timestamp; recordedAt: Timestamp; correlationId: Identifier; causationId: Identifier; actorId: Identifier?; academyId: Identifier?; aggregateId: Identifier; aggregateVersion: Integer; changeSummary; effectiveAt,"Creates a scoped responsibility, entitlement or planned activity."
AcademicTaskCompleted,Academic Operations,Audit & Compliance; interested projections by subscription,eventId: Identifier; eventVersion: Integer; occurredAt: Timestamp; recordedAt: Timestamp; correlationId: Identifier; causationId: Identifier; actorId: Identifier?; academyId: Identifier?; aggregateId: Identifier; aggregateVersion: Integer; changeSummary; effectiveAt,Confirms a business activity reached its valid terminal outcome and can feed evidence or projections.
IncidentEscalated,Academic Operations,Audit & Compliance; interested projections by subscription,eventId: Identifier; eventVersion: Integer; occurredAt: Timestamp; recordedAt: Timestamp; correlationId: Identifier; causationId: Identifier; actorId: Identifier?; academyId: Identifier?; aggregateId: Identifier; aggregateVersion: Integer; changeSummary; effectiveAt,Communicates a material Academic Operations fact so dependent domains can react without direct database coupling.
SLAExceeded,Academic Operations,Audit & Compliance; interested projections by subscription,eventId: Identifier; eventVersion: Integer; occurredAt: Timestamp; recordedAt: Timestamp; correlationId: Identifier; causationId: Identifier; actorId: Identifier?; academyId: Identifier?; aggregateId: Identifier; aggregateVersion: Integer; changeSummary; effectiveAt,Communicates a material Academic Operations fact so dependent domains can react without direct database coupling.
AnnouncementPublished,Communication,Learning Workspace,eventId: Identifier; eventVersion: Integer; occurredAt: Timestamp; recordedAt: Timestamp; correlationId: Identifier; causationId: Identifier; actorId: Identifier?; academyId: Identifier?; aggregateId: Identifier; aggregateVersion: Integer; changeSummary; effectiveAt,Makes an approved immutable version eligible for governed use.
NotificationQueued,Communication,Academic Intelligence; Platform Operations,eventId: Identifier; eventVersion: Integer; occurredAt: Timestamp; recordedAt: Timestamp; correlationId: Identifier; causationId: Identifier; actorId: Identifier?; academyId: Identifier?; aggregateId: Identifier; aggregateVersion: Integer; changeSummary; effectiveAt,Communicates a material Communication fact so dependent domains can react without direct database coupling.
NotificationDelivered,Communication,Academic Intelligence; Platform Operations,eventId: Identifier; eventVersion: Integer; occurredAt: Timestamp; recordedAt: Timestamp; correlationId: Identifier; causationId: Identifier; actorId: Identifier?; academyId: Identifier?; aggregateId: Identifier; aggregateVersion: Integer; changeSummary; effectiveAt,Communicates a material Communication fact so dependent domains can react without direct database coupling.
NotificationFailed,Communication,Academic Intelligence; Academic Operations; Audit & Compliance; Platform Operations,eventId: Identifier; eventVersion: Integer; occurredAt: Timestamp; recordedAt: Timestamp; correlationId: Identifier; causationId: Identifier; actorId: Identifier?; academyId: Identifier?; aggregateId: Identifier; aggregateVersion: Integer; aiRunId; capability; modelVersionId; promptVersionId; status; cost?; latency?; confidence?,"Records a failed operation for retry, review, alerting and audit."
PreferenceChanged,Communication,Audit & Compliance; interested projections by subscription,eventId: Identifier; eventVersion: Integer; occurredAt: Timestamp; recordedAt: Timestamp; correlationId: Identifier; causationId: Identifier; actorId: Identifier?; academyId: Identifier?; aggregateId: Identifier; aggregateVersion: Integer; changeSummary; effectiveAt,Notifies dependent domains that a material policy or state has changed.
AuditRecordCreated,Audit & Compliance,Audit & Compliance; interested projections by subscription,eventId: Identifier; eventVersion: Integer; occurredAt: Timestamp; recordedAt: Timestamp; correlationId: Identifier; causationId: Identifier; actorId: Identifier?; academyId: Identifier?; aggregateId: Identifier; aggregateVersion: Integer; changeSummary; effectiveAt,Establishes a new canonical business object for downstream workflows.
ComplianceHoldApplied,Audit & Compliance,Audit & Compliance; interested projections by subscription,eventId: Identifier; eventVersion: Integer; occurredAt: Timestamp; recordedAt: Timestamp; correlationId: Identifier; causationId: Identifier; actorId: Identifier?; academyId: Identifier?; aggregateId: Identifier; aggregateVersion: Integer; changeSummary; effectiveAt,Communicates a material Audit & Compliance fact so dependent domains can react without direct database coupling.
SecurityEventDetected,Audit & Compliance,Communication; Platform Operations,eventId: Identifier; eventVersion: Integer; occurredAt: Timestamp; recordedAt: Timestamp; correlationId: Identifier; causationId: Identifier; actorId: Identifier?; academyId: Identifier?; aggregateId: Identifier; aggregateVersion: Integer; changeSummary; effectiveAt,"Identifies an explainable risk, gap, incident or milestone requiring evaluation."
AuditExportCompleted,Audit & Compliance,Audit & Compliance; interested projections by subscription,eventId: Identifier; eventVersion: Integer; occurredAt: Timestamp; recordedAt: Timestamp; correlationId: Identifier; causationId: Identifier; actorId: Identifier?; academyId: Identifier?; aggregateId: Identifier; aggregateVersion: Integer; changeSummary; effectiveAt,Confirms a business activity reached its valid terminal outcome and can feed evidence or projections.
ExternalRecordMapped,Integration,Audit & Compliance; interested projections by subscription,eventId: Identifier; eventVersion: Integer; occurredAt: Timestamp; recordedAt: Timestamp; correlationId: Identifier; causationId: Identifier; actorId: Identifier?; academyId: Identifier?; aggregateId: Identifier; aggregateVersion: Integer; changeSummary; effectiveAt,Communicates a material Integration fact so dependent domains can react without direct database coupling.
WebhookAccepted,Integration,Audit & Compliance; interested projections by subscription,eventId: Identifier; eventVersion: Integer; occurredAt: Timestamp; recordedAt: Timestamp; correlationId: Identifier; causationId: Identifier; actorId: Identifier?; academyId: Identifier?; aggregateId: Identifier; aggregateVersion: Integer; changeSummary; effectiveAt,Communicates a material Integration fact so dependent domains can react without direct database coupling.
IntegrationFailed,Integration,Academic Intelligence; Academic Operations; Audit & Compliance,eventId: Identifier; eventVersion: Integer; occurredAt: Timestamp; recordedAt: Timestamp; correlationId: Identifier; causationId: Identifier; actorId: Identifier?; academyId: Identifier?; aggregateId: Identifier; aggregateVersion: Integer; aiRunId; capability; modelVersionId; promptVersionId; status; cost?; latency?; confidence?,"Records a failed operation for retry, review, alerting and audit."
ReconciliationCompleted,Integration,Audit & Compliance; interested projections by subscription,eventId: Identifier; eventVersion: Integer; occurredAt: Timestamp; recordedAt: Timestamp; correlationId: Identifier; causationId: Identifier; actorId: Identifier?; academyId: Identifier?; aggregateId: Identifier; aggregateVersion: Integer; changeSummary; effectiveAt,Confirms a business activity reached its valid terminal outcome and can feed evidence or projections.
FeatureChanged,Platform Operations,Audit & Compliance; interested projections by subscription,eventId: Identifier; eventVersion: Integer; occurredAt: Timestamp; recordedAt: Timestamp; correlationId: Identifier; causationId: Identifier; actorId: Identifier?; academyId: Identifier?; aggregateId: Identifier; aggregateVersion: Integer; changeSummary; effectiveAt,Notifies dependent domains that a material policy or state has changed.
ServiceDegraded,Platform Operations,Academic Evidence; Communication; Exam Readiness; Learning Workspace,eventId: Identifier; eventVersion: Integer; occurredAt: Timestamp; recordedAt: Timestamp; correlationId: Identifier; causationId: Identifier; actorId: Identifier?; academyId: Identifier?; aggregateId: Identifier; aggregateVersion: Integer; gradeRunId?; gradeDecisionId?; submissionId; scoreSummary; rubricVersionId; confidence?,Communicates a material Platform Operations fact so dependent domains can react without direct database coupling.
ServiceRecovered,Platform Operations,Audit & Compliance; interested projections by subscription,eventId: Identifier; eventVersion: Integer; occurredAt: Timestamp; recordedAt: Timestamp; correlationId: Identifier; causationId: Identifier; actorId: Identifier?; academyId: Identifier?; aggregateId: Identifier; aggregateVersion: Integer; changeSummary; effectiveAt,Communicates a material Platform Operations fact so dependent domains can react without direct database coupling.
BackupCompleted,Platform Operations,Audit & Compliance; interested projections by subscription,eventId: Identifier; eventVersion: Integer; occurredAt: Timestamp; recordedAt: Timestamp; correlationId: Identifier; causationId: Identifier; actorId: Identifier?; academyId: Identifier?; aggregateId: Identifier; aggregateVersion: Integer; changeSummary; effectiveAt,Confirms a business activity reached its valid terminal outcome and can feed evidence or projections.
RestoreTestCompleted,Platform Operations,Audit & Compliance; interested projections by subscription,eventId: Identifier; eventVersion: Integer; occurredAt: Timestamp; recordedAt: Timestamp; correlationId: Identifier; causationId: Identifier; actorId: Identifier?; academyId: Identifier?; aggregateId: Identifier; aggregateVersion: Integer; changeSummary; effectiveAt,Confirms a business activity reached its valid terminal outcome and can feed evidence or projections.
CapacityThresholdReached,Platform Operations,Audit & Compliance; interested projections by subscription,eventId: Identifier; eventVersion: Integer; occurredAt: Timestamp; recordedAt: Timestamp; correlationId: Identifier; causationId: Identifier; actorId: Identifier?; academyId: Identifier?; aggregateId: Identifier; aggregateVersion: Integer; changeSummary; effectiveAt,Communicates a material Platform Operations fact so dependent domains can react without direct database coupling.
FileUploadAuthorized,File & Media,Audit & Compliance; Platform Operations,eventId: Identifier; eventVersion: Integer; occurredAt: Timestamp; recordedAt: Timestamp; correlationId: Identifier; causationId: Identifier; actorId: Identifier?; academyId: Identifier?; aggregateId: Identifier; aggregateVersion: Integer; fileAssetId; storageObjectId; hash; mediaType; scanState,Communicates a material File & Media fact so dependent domains can react without direct database coupling.
AssetApproved,File & Media,Audit & Compliance; Platform Operations,eventId: Identifier; eventVersion: Integer; occurredAt: Timestamp; recordedAt: Timestamp; correlationId: Identifier; causationId: Identifier; actorId: Identifier?; academyId: Identifier?; aggregateId: Identifier; aggregateVersion: Integer; fileAssetId; storageObjectId; hash; mediaType; scanState,Confirms an authorized quality or governance gate has passed.
AssetQuarantined,File & Media,Audit & Compliance; Platform Operations,eventId: Identifier; eventVersion: Integer; occurredAt: Timestamp; recordedAt: Timestamp; correlationId: Identifier; causationId: Identifier; actorId: Identifier?; academyId: Identifier?; aggregateId: Identifier; aggregateVersion: Integer; fileAssetId; storageObjectId; hash; mediaType; scanState,Communicates a material File & Media fact so dependent domains can react without direct database coupling.
AssetSuperseded,File & Media,Audit & Compliance; Platform Operations,eventId: Identifier; eventVersion: Integer; occurredAt: Timestamp; recordedAt: Timestamp; correlationId: Identifier; causationId: Identifier; actorId: Identifier?; academyId: Identifier?; aggregateId: Identifier; aggregateVersion: Integer; fileAssetId; storageObjectId; hash; mediaType; scanState,Communicates a material File & Media fact so dependent domains can react without direct database coupling.
AssetRetired,File & Media,Audit & Compliance; Platform Operations,eventId: Identifier; eventVersion: Integer; occurredAt: Timestamp; recordedAt: Timestamp; correlationId: Identifier; causationId: Identifier; actorId: Identifier?; academyId: Identifier?; aggregateId: Identifier; aggregateVersion: Integer; fileAssetId; storageObjectId; hash; mediaType; scanState,Ends normal future use while retaining historical resolvability.
AssetDisposed,File & Media,Audit & Compliance; Platform Operations,eventId: Identifier; eventVersion: Integer; occurredAt: Timestamp; recordedAt: Timestamp; correlationId: Identifier; causationId: Identifier; actorId: Identifier?; academyId: Identifier?; aggregateId: Identifier; aggregateVersion: Integer; fileAssetId; storageObjectId; hash; mediaType; scanState,Communicates a material File & Media fact so dependent domains can react without direct database coupling.
