rule_id,category,description,reason,priority,affected_domains,expected_behavior
IDN-001,Identity,A person must have one canonical profile even when holding multiple roles or academy memberships.,"Protect identity integrity, scoped access and traceable responsibility.",Critical,Identity & Access; Student Relationship; Academy,Identity reconciliation must link provider identities to one canonical person or open a controlled merge review.
IDN-002,Identity,Authentication identity and application profile must remain separate records.,"Protect identity integrity, scoped access and traceable responsibility.",Critical,Identity & Access; Student Relationship; Academy,Authentication changes must not overwrite academic or relationship data.
IDN-003,Identity,Human users must never share an account.,"Protect identity integrity, scoped access and traceable responsibility.",Critical,Identity & Access; Student Relationship; Academy,The system must reject or investigate shared-account patterns and require individual identities.
IDN-004,Identity,Email or equivalent identity verification is required before privileged or assessment access.,"Protect identity integrity, scoped access and traceable responsibility.",High,Identity & Access; Student Relationship; Academy,Unverified identities may finish onboarding but cannot receive protected entitlements.
IDN-005,Identity,Multi-factor authentication is mandatory for privileged staff roles.,"Protect identity integrity, scoped access and traceable responsibility.",Critical,Identity & Access; Student Relationship; Academy,Privileged access must be blocked until an approved second factor is enrolled.
IDN-006,Identity,Sessions must be revocable by the user and authorized administrators.,"Protect identity integrity, scoped access and traceable responsibility.",High,Identity & Access; Student Relationship; Academy,Revocation must invalidate future requests and record a security event.
IDN-007,Identity,Account suspension must not delete academic history.,"Protect identity integrity, scoped access and traceable responsibility.",Critical,Identity & Access; Student Relationship; Academy,"Suspension blocks authentication while preserving enrollments, attempts, grades and audit evidence."
IDN-008,Identity,Roles must be assigned through scoped RoleAssignment records rather than a single profile field.,"Protect identity integrity, scoped access and traceable responsibility.",Critical,Identity & Access; Student Relationship; Academy,"Authorization must evaluate active role, academy and resource scope."
IDN-009,Identity,A person may hold multiple non-conflicting roles.,"Protect identity integrity, scoped access and traceable responsibility.",High,Identity & Access; Student Relationship; Academy,The system must combine only permissions valid in the current scope and enforce separation-of-duties conflicts.
IDN-010,Identity,"Sponsor access must use a sponsor identity and relationship, never the student's credentials.","Protect identity integrity, scoped access and traceable responsibility.",Critical,Identity & Access; Student Relationship; Academy,Sponsor actions must be attributable to the sponsor and limited by consent.
IDN-011,Identity,Service identities must be distinguishable from human identities.,"Protect identity integrity, scoped access and traceable responsibility.",High,Identity & Access; Student Relationship; Academy,"Automated actions must carry service identity, purpose and credential rotation metadata."
IDN-012,Identity,Recovery flows must apply rate limits and verified channels.,"Protect identity integrity, scoped access and traceable responsibility.",Critical,Identity & Access; Student Relationship; Academy,Repeated or suspicious recovery attempts must be throttled and audited.
IDN-013,Identity,"Identity merge must be a controlled, reversible administrative process.","Protect identity integrity, scoped access and traceable responsibility.",High,Identity & Access; Student Relationship; Academy,Duplicate profiles must not be silently merged; source identifiers and affected relationships must be reconciled.
IDN-014,Identity,Account closure requests must respect legal and academic retention obligations.,"Protect identity integrity, scoped access and traceable responsibility.",High,Identity & Access; Student Relationship; Academy,Personal data eligible for erasure must be separated from records that must be retained or de-identified.
IDN-015,Identity,Security-sensitive profile changes must notify the affected user.,"Protect identity integrity, scoped access and traceable responsibility.",High,Identity & Access; Student Relationship; Academy,"Email, phone, MFA or password changes must trigger a non-suppressible security notice."
IDN-016,Identity,"Risk-based throttling must apply to login, registration and verification attempts.","Protect identity integrity, scoped access and traceable responsibility.",High,Identity & Access; Student Relationship; Academy,The platform must limit abuse without locking out legitimate users indefinitely.
IDN-017,Identity,Authorization must not rely permanently on stale token claims.,"Protect identity integrity, scoped access and traceable responsibility.",Critical,Identity & Access; Student Relationship; Academy,"Server authorization must resolve current membership, role and scope for sensitive operations."
IDN-018,Identity,"Impersonation, if enabled for support, must require elevated permission, visible indication and complete audit.","Protect identity integrity, scoped access and traceable responsibility.",Critical,Identity & Access; Student Relationship; Academy,"The session must record original actor, impersonated subject, reason and duration."
ENR-001,Enrollment,Only an active enrollment may unlock a course Learning Workspace.,"Ensure course entitlement is explicit, reproducible and isolated by learner, academy and offering.",Critical,Enrollment; Course & Offering; Preparation Journey; Learning Workspace,Every workspace request must validate current enrollment state and access dates server-side.
ENR-002,Enrollment,Enrollment must reference an exact CourseOffering and pinned CourseVersion.,"Ensure course entitlement is explicit, reproducible and isolated by learner, academy and offering.",Critical,Enrollment; Course & Offering; Preparation Journey; Learning Workspace,Historical learning and assessment context must remain reproducible after later course changes.
ENR-003,Enrollment,A student may not have duplicate active enrollments for the same offering unless a documented retake policy permits it.,"Ensure course entitlement is explicit, reproducible and isolated by learner, academy and offering.",High,Enrollment; Course & Offering; Preparation Journey; Learning Workspace,Activation must detect conflicts and require an explicit retake or transfer route.
ENR-004,Enrollment,Enrollment activation requires an active student relationship and eligible offering.,"Ensure course entitlement is explicit, reproducible and isolated by learner, academy and offering.",Critical,Enrollment; Course & Offering; Preparation Journey; Learning Workspace,Invalid activation must fail atomically without partial entitlement.
ENR-005,Enrollment,Enrollment access dates must form a coherent interval.,"Ensure course entitlement is explicit, reproducible and isolated by learner, academy and offering.",High,Enrollment; Course & Offering; Preparation Journey; Learning Workspace,End dates earlier than start dates or outside permitted offering policy must be rejected.
ENR-006,Enrollment,Suspension must immediately block new activity while preserving prior evidence.,"Ensure course entitlement is explicit, reproducible and isolated by learner, academy and offering.",Critical,Enrollment; Course & Offering; Preparation Journey; Learning Workspace,Existing history remains readable according to policy; new attempts and content access are denied.
ENR-007,Enrollment,Completion must be distinguished from expiry and withdrawal.,"Ensure course entitlement is explicit, reproducible and isolated by learner, academy and offering.",High,Enrollment; Course & Offering; Preparation Journey; Learning Workspace,Reports and subsequent journey rules must use the actual terminal reason.
ENR-008,Enrollment,"Withdrawal requires actor, effective time and reason.","Ensure course entitlement is explicit, reproducible and isolated by learner, academy and offering.",High,Enrollment; Course & Offering; Preparation Journey; Learning Workspace,The transition must be audited and pending attempts handled by policy.
ENR-009,Enrollment,Transfer must close or supersede the source enrollment and create a target enrollment without losing lineage.,"Ensure course entitlement is explicit, reproducible and isolated by learner, academy and offering.",High,Enrollment; Course & Offering; Preparation Journey; Learning Workspace,The platform must preserve relationship between source and target records.
ENR-010,Enrollment,"An enrollment with attempts, evidence or grades must not be hard-deleted.","Ensure course entitlement is explicit, reproducible and isolated by learner, academy and offering.",Critical,Enrollment; Course & Offering; Preparation Journey; Learning Workspace,It may be archived or status-changed while academic records remain referentially intact.
ENR-011,Enrollment,Enrollment data must be academy-scoped.,"Ensure course entitlement is explicit, reproducible and isolated by learner, academy and offering.",Critical,Enrollment; Course & Offering; Preparation Journey; Learning Workspace,No user or staff member may access an enrollment outside authorized academy scope.
ENR-012,Enrollment,The active curriculum context must be pinned at activation.,"Ensure course entitlement is explicit, reproducible and isolated by learner, academy and offering.",Critical,Enrollment; Course & Offering; Preparation Journey; Learning Workspace,Later curriculum publications must not silently move existing students.
ENR-013,Enrollment,Expiration must be determined by server time and explicit policy.,"Ensure course entitlement is explicit, reproducible and isolated by learner, academy and offering.",High,Enrollment; Course & Offering; Preparation Journey; Learning Workspace,Expired access must close consistently regardless of client clock.
ENR-014,Enrollment,Retake enrollment must reference the previous journey or outcome where relevant.,"Ensure course entitlement is explicit, reproducible and isolated by learner, academy and offering.",Medium,Enrollment; Course & Offering; Preparation Journey; Learning Workspace,The new journey may reuse permitted history while remaining analytically distinct.
ENR-015,Enrollment,Enrollment transitions must follow the approved state machine.,"Ensure course entitlement is explicit, reproducible and isolated by learner, academy and offering.",Critical,Enrollment; Course & Offering; Preparation Journey; Learning Workspace,Direct arbitrary status updates must be rejected.
ENR-016,Enrollment,Bulk enrollment must apply the same validations as individual enrollment.,"Ensure course entitlement is explicit, reproducible and isolated by learner, academy and offering.",Critical,Enrollment; Course & Offering; Preparation Journey; Learning Workspace,A bulk job must report per-record failures and avoid bypassing capacity or access rules.
ENR-017,Enrollment,"Course access must be verified on every protected command, not only at login.","Ensure course entitlement is explicit, reproducible and isolated by learner, academy and offering.",Critical,Enrollment; Course & Offering; Preparation Journey; Learning Workspace,Stale navigation or guessed identifiers must not bypass entitlement.
ENR-018,Enrollment,A student’s simultaneous enrollments must remain context-isolated.,"Ensure course entitlement is explicit, reproducible and isolated by learner, academy and offering.",High,Enrollment; Course & Offering; Preparation Journey; Learning Workspace,"Attempts, goals, recommendations and readiness must resolve through the selected enrollment/journey."
CRS-001,Course,"Course, ExamProduct and CourseOffering must remain separate concepts.","Keep courses reusable, versioned and aligned to examination specifications without confusing products, cohorts or entitlements.",Critical,Course & Offering; Exam Product & Specification; Learning Content; Competency Framework,Creation and reporting interfaces must require explicit relationships rather than overloaded records.
CRS-002,Course,A course must belong to one academy or an explicitly governed global catalogue.,"Keep courses reusable, versioned and aligned to examination specifications without confusing products, cohorts or entitlements.",Critical,Course & Offering; Exam Product & Specification; Learning Content; Competency Framework,Ownership and publication rights must be unambiguous.
CRS-003,Course,A course version must reference an applicable ExamProductVersion.,"Keep courses reusable, versioned and aligned to examination specifications without confusing products, cohorts or entitlements.",High,Course & Offering; Exam Product & Specification; Learning Content; Competency Framework,Exam-specific features and score semantics must resolve through the pinned specification.
CRS-004,Course,Published course versions are immutable.,"Keep courses reusable, versioned and aligned to examination specifications without confusing products, cohorts or entitlements.",Critical,Course & Offering; Exam Product & Specification; Learning Content; Competency Framework,Material changes require a new version and migration decision.
CRS-005,Course,A course version must declare its enabled preparation capabilities.,"Keep courses reusable, versioned and aligned to examination specifications without confusing products, cohorts or entitlements.",High,Course & Offering; Exam Product & Specification; Learning Content; Competency Framework,"Workspace composition must use approved typed capabilities, not hard-coded exam names."
CRS-006,Course,A course version must reference one approved curriculum version before publication.,"Keep courses reusable, versioned and aligned to examination specifications without confusing products, cohorts or entitlements.",Critical,Course & Offering; Exam Product & Specification; Learning Content; Competency Framework,Publication must fail if the curriculum is missing or unapproved.
CRS-007,Course,Course offerings must reference exactly one course version.,"Keep courses reusable, versioned and aligned to examination specifications without confusing products, cohorts or entitlements.",Critical,Course & Offering; Exam Product & Specification; Learning Content; Competency Framework,Students in an offering must share a reproducible academic definition.
CRS-008,Course,Offering schedules and access policies must be explicit.,"Keep courses reusable, versioned and aligned to examination specifications without confusing products, cohorts or entitlements.",High,Course & Offering; Exam Product & Specification; Learning Content; Competency Framework,"Open, active and closed states must derive from approved dates and commands."
CRS-009,Course,Course retirement must not invalidate existing enrollments or historical attempts.,"Keep courses reusable, versioned and aligned to examination specifications without confusing products, cohorts or entitlements.",Critical,Course & Offering; Exam Product & Specification; Learning Content; Competency Framework,New offerings are blocked while retained records remain resolvable.
CRS-010,Course,Course codes must be unique within their defined academy/catalogue scope.,"Keep courses reusable, versioned and aligned to examination specifications without confusing products, cohorts or entitlements.",Medium,Course & Offering; Exam Product & Specification; Learning Content; Competency Framework,Duplicate codes must be rejected or resolved through explicit namespace.
CRS-011,Course,Course prerequisites must be representable and acyclic.,"Keep courses reusable, versioned and aligned to examination specifications without confusing products, cohorts or entitlements.",High,Course & Offering; Exam Product & Specification; Learning Content; Competency Framework,Publication must detect circular prerequisite dependencies.
CRS-012,Course,Course competency coverage must be reviewable before publication.,"Keep courses reusable, versioned and aligned to examination specifications without confusing products, cohorts or entitlements.",High,Course & Offering; Exam Product & Specification; Learning Content; Competency Framework,The platform must expose missing or weakly covered target competencies.
CRS-013,Course,Capabilities unsupported by the pinned exam specification must not be enabled without an extension policy.,"Keep courses reusable, versioned and aligned to examination specifications without confusing products, cohorts or entitlements.",High,Course & Offering; Exam Product & Specification; Learning Content; Competency Framework,Configuration validation must reject incompatible combinations.
CRS-014,Course,"Offering capacity, where configured, must be enforced consistently.","Keep courses reusable, versioned and aligned to examination specifications without confusing products, cohorts or entitlements.",Medium,Course & Offering; Exam Product & Specification; Learning Content; Competency Framework,Activation beyond capacity requires authorized override and audit.
CRS-015,Course,Course metadata intended for discovery must be separated from operational offering data.,"Keep courses reusable, versioned and aligned to examination specifications without confusing products, cohorts or entitlements.",Medium,Course & Offering; Exam Product & Specification; Learning Content; Competency Framework,Marketing edits must not alter active cohort schedules or academic versions.
CRS-016,Course,Course duplication must create new identities and preserve provenance.,"Keep courses reusable, versioned and aligned to examination specifications without confusing products, cohorts or entitlements.",Medium,Course & Offering; Exam Product & Specification; Learning Content; Competency Framework,Copied versions may be edited in draft but must not share mutable child records.
CRS-017,Course,Course publishing must pass academic and technical validation.,"Keep courses reusable, versioned and aligned to examination specifications without confusing products, cohorts or entitlements.",Critical,Course & Offering; Exam Product & Specification; Learning Content; Competency Framework,"Approval, required mappings, assets and capability contracts must be complete."
CRS-018,Course,Course deletion is permitted only for unused drafts.,"Keep courses reusable, versioned and aligned to examination specifications without confusing products, cohorts or entitlements.",Critical,Course & Offering; Exam Product & Specification; Learning Content; Competency Framework,Used or published courses must be retired or archived.
JRN-001,Preparation Journey,A PreparationJourney requires an active or eligible enrollment and a goal context.,"Maintain one coherent, auditable context for a learner’s progress toward a defined examination outcome.",Critical,Preparation Journey; Goal Management; Enrollment; Diagnostic Assessment; Learning Path,Journey creation must fail when entitlement or goal prerequisites are absent.
JRN-002,Preparation Journey,A journey must represent one primary exam objective at a time.,"Maintain one coherent, auditable context for a learner’s progress toward a defined examination outcome.",Critical,Preparation Journey; Goal Management; Enrollment; Diagnostic Assessment; Learning Path,Competing primary goals require separate journeys or an explicit superseding goal version.
JRN-003,Preparation Journey,Journey stage must not be inferred solely from course completion.,"Maintain one coherent, auditable context for a learner’s progress toward a defined examination outcome.",High,Preparation Journey; Goal Management; Enrollment; Diagnostic Assessment; Learning Path,"Stage transitions must consider baseline, mastery, readiness and approved rules."
JRN-004,Preparation Journey,A journey must retain its originating enrollment and exam specification context.,"Maintain one coherent, auditable context for a learner’s progress toward a defined examination outcome.",Critical,Preparation Journey; Goal Management; Enrollment; Diagnostic Assessment; Learning Path,Later offering or product changes must not rewrite historical context.
JRN-005,Preparation Journey,Only one active primary journey may exist for the same enrollment and exam goal unless a retake branch is approved.,"Maintain one coherent, auditable context for a learner’s progress toward a defined examination outcome.",High,Preparation Journey; Goal Management; Enrollment; Diagnostic Assessment; Learning Path,Duplicate creation must be prevented or linked as a distinct branch.
JRN-006,Preparation Journey,Diagnostic requirements must be evaluated when a journey is created.,"Maintain one coherent, auditable context for a learner’s progress toward a defined examination outcome.",High,Preparation Journey; Goal Management; Enrollment; Diagnostic Assessment; Learning Path,The journey must enter baseline_pending or use approved prior evidence.
JRN-007,Preparation Journey,Journey transitions must follow the canonical state machine.,"Maintain one coherent, auditable context for a learner’s progress toward a defined examination outcome.",Critical,Preparation Journey; Goal Management; Enrollment; Diagnostic Assessment; Learning Path,Unsupported direct state changes must be rejected.
JRN-008,Preparation Journey,"A paused journey must preserve plan, evidence and readiness history.","Maintain one coherent, auditable context for a learner’s progress toward a defined examination outcome.",High,Preparation Journey; Goal Management; Enrollment; Diagnostic Assessment; Learning Path,Resumption must recalculate time-sensitive plans and recommendations.
JRN-009,Preparation Journey,Changing the active goal version must trigger journey impact analysis.,"Maintain one coherent, auditable context for a learner’s progress toward a defined examination outcome.",Critical,Preparation Journey; Goal Management; Enrollment; Diagnostic Assessment; Learning Path,"Readiness, path and plan must be recalculated or marked stale."
JRN-010,Preparation Journey,Journey snapshots must be immutable and model-version aware.,"Maintain one coherent, auditable context for a learner’s progress toward a defined examination outcome.",High,Preparation Journey; Goal Management; Enrollment; Diagnostic Assessment; Learning Path,"Each snapshot must identify current goal, path, plan, readiness and effective time."
JRN-011,Preparation Journey,Journey completion requires an explicit outcome or closure reason.,"Maintain one coherent, auditable context for a learner’s progress toward a defined examination outcome.",High,Preparation Journey; Goal Management; Enrollment; Diagnostic Assessment; Learning Path,A course ending alone must not automatically complete the journey.
JRN-012,Preparation Journey,A retake journey must reference the preceding journey and official outcome where available.,"Maintain one coherent, auditable context for a learner’s progress toward a defined examination outcome.",Medium,Preparation Journey; Goal Management; Enrollment; Diagnostic Assessment; Learning Path,Prior evidence may be reused only under declared recency and comparability rules.
JRN-013,Preparation Journey,A journey may continue after course completion if entitlement policy allows preparation access.,"Maintain one coherent, auditable context for a learner’s progress toward a defined examination outcome.",Medium,Preparation Journey; Goal Management; Enrollment; Diagnostic Assessment; Learning Path,Access extension must be explicit and not implied by journey status.
JRN-014,Preparation Journey,A journey cannot be marked target-ready without a current readiness snapshot meeting policy.,"Maintain one coherent, auditable context for a learner’s progress toward a defined examination outcome.",Critical,Preparation Journey; Goal Management; Enrollment; Diagnostic Assessment; Learning Path,"The transition must cite readiness model, confidence and evidence boundary."
JRN-015,Preparation Journey,A journey at risk must remain actionable rather than terminal.,"Maintain one coherent, auditable context for a learner’s progress toward a defined examination outcome.",High,Preparation Journey; Goal Management; Enrollment; Diagnostic Assessment; Learning Path,Student Success must receive a signal and intervention eligibility.
JRN-016,Preparation Journey,Journey data must remain isolated from other enrollments of the same student.,"Maintain one coherent, auditable context for a learner’s progress toward a defined examination outcome.",Critical,Preparation Journey; Goal Management; Enrollment; Diagnostic Assessment; Learning Path,Commands and projections must require journey context.
JRN-017,Preparation Journey,Journey closure must not delete academic evidence.,"Maintain one coherent, auditable context for a learner’s progress toward a defined examination outcome.",Critical,Preparation Journey; Goal Management; Enrollment; Diagnostic Assessment; Learning Path,"Evidence, outcomes and audit history remain retained."
JRN-018,Preparation Journey,Journey stage labels must be product-neutral and configurable only through governed mappings.,"Maintain one coherent, auditable context for a learner’s progress toward a defined examination outcome.",Medium,Preparation Journey; Goal Management; Enrollment; Diagnostic Assessment; Learning Path,UI wording may vary by exam product while canonical meanings remain stable.
GOL-001,Goals,Every active preparation journey must have one active primary ExamGoal.,"Make target outcomes explicit, versioned and usable by readiness, planning and recommendations.",Critical,Goal Management; Preparation Journey; Exam Product & Specification; Study Planning,A journey without a goal remains in goal_definition_pending and cannot claim readiness.
GOL-002,Goals,Goal scores must use the native ScoreScale of the selected exam product version.,"Make target outcomes explicit, versioned and usable by readiness, planning and recommendations.",Critical,Goal Management; Preparation Journey; Exam Product & Specification; Study Planning,Invalid or cross-scale target values must be rejected.
GOL-003,Goals,Section targets may supplement but not contradict the overall target policy.,"Make target outcomes explicit, versioned and usable by readiness, planning and recommendations.",High,Goal Management; Preparation Journey; Exam Product & Specification; Study Planning,Validation must apply exam-specific aggregation rules.
GOL-004,Goals,Material goal changes must create a new GoalVersion.,"Make target outcomes explicit, versioned and usable by readiness, planning and recommendations.",Critical,Goal Management; Preparation Journey; Exam Product & Specification; Study Planning,Previous predictions and plans must retain the target against which they were calculated.
GOL-005,Goals,"A target exam date may be unknown, but readiness-date claims must then be limited.","Make target outcomes explicit, versioned and usable by readiness, planning and recommendations.",Medium,Goal Management; Preparation Journey; Exam Product & Specification; Study Planning,The platform must disclose missing date constraints rather than invent urgency.
GOL-006,Goals,Available weekly study hours must be non-negative and plausibly bounded.,"Make target outcomes explicit, versioned and usable by readiness, planning and recommendations.",Medium,Goal Management; Preparation Journey; Exam Product & Specification; Study Planning,Outlier values require confirmation and must not create unsafe schedules.
GOL-007,Goals,Previous official attempts must be recorded separately from self-declared weak areas.,"Make target outcomes explicit, versioned and usable by readiness, planning and recommendations.",High,Goal Management; Preparation Journey; Exam Product & Specification; Study Planning,Evidence provenance and verification status must remain visible.
GOL-008,Goals,A goal may be revised only by the student or authorized staff under policy.,"Make target outcomes explicit, versioned and usable by readiness, planning and recommendations.",High,Goal Management; Preparation Journey; Exam Product & Specification; Study Planning,Sponsor suggestions do not directly alter the learner’s goal.
GOL-009,Goals,Goal activation must trigger baseline and plan evaluation.,"Make target outcomes explicit, versioned and usable by readiness, planning and recommendations.",High,Goal Management; Preparation Journey; Exam Product & Specification; Study Planning,"Dependent projections are created, recalculated or marked pending."
GOL-010,Goals,Superseded goal versions remain immutable and historically resolvable.,"Make target outcomes explicit, versioned and usable by readiness, planning and recommendations.",Critical,Goal Management; Preparation Journey; Exam Product & Specification; Study Planning,Past readiness and recommendation decisions must retain their original target.
GOL-011,Goals,Goal achievement must be evaluated against a verified result or approved proxy policy.,"Make target outcomes explicit, versioned and usable by readiness, planning and recommendations.",High,Goal Management; Preparation Journey; Exam Product & Specification; Study Planning,The system must not mark achievement from an unrelated practice score.
GOL-012,Goals,Target not achieved must not be stored as a universal examination failure.,"Make target outcomes explicit, versioned and usable by readiness, planning and recommendations.",High,Goal Management; Preparation Journey; Exam Product & Specification; Study Planning,Outcome wording must compare result with the defined goal.
GOL-013,Goals,Cancelled goals require a reason and journey disposition decision.,"Make target outcomes explicit, versioned and usable by readiness, planning and recommendations.",Medium,Goal Management; Preparation Journey; Exam Product & Specification; Study Planning,"The journey must be paused, closed or linked to a replacement goal."
GOL-014,Goals,Institutional requirements must be distinguishable from personal targets.,"Make target outcomes explicit, versioned and usable by readiness, planning and recommendations.",Medium,Goal Management; Preparation Journey; Exam Product & Specification; Study Planning,Reports must identify target source and applicable section thresholds.
GOL-015,Goals,Goal dates must respect relevant application deadlines where configured.,"Make target outcomes explicit, versioned and usable by readiness, planning and recommendations.",Medium,Goal Management; Preparation Journey; Exam Product & Specification; Study Planning,Planning must surface conflicts rather than silently schedule beyond deadlines.
GOL-016,Goals,Goals must not expose sponsor-only or staff-only notes to students without policy.,"Make target outcomes explicit, versioned and usable by readiness, planning and recommendations.",High,Goal Management; Preparation Journey; Exam Product & Specification; Study Planning,Field-level visibility applies to contextual notes.
GOL-017,Goals,"Goal confidence or feasibility advice must be presented as guidance, not guarantee.","Make target outcomes explicit, versioned and usable by readiness, planning and recommendations.",High,Goal Management; Preparation Journey; Exam Product & Specification; Study Planning,Predictions must include uncertainty and assumptions.
GOL-018,Goals,A goal change affecting an active simulation must not alter that simulation’s fixed scoring context.,"Make target outcomes explicit, versioned and usable by readiness, planning and recommendations.",Critical,Goal Management; Preparation Journey; Exam Product & Specification; Study Planning,The new goal applies to subsequent readiness analysis only.
DGN-001,Diagnostics,A diagnostic must declare the competencies and score claims it is designed to support.,Establish a defensible baseline and gap analysis before personalized preparation.,Critical,Diagnostic Assessment; Assessment Definition; Academic Evidence; Competency Framework; Learning Path,Publication must fail when declared outputs exceed blueprint coverage.
DGN-002,Diagnostics,Diagnostic delivery must reuse the common assessment and attempt kernel.,Establish a defensible baseline and gap analysis before personalized preparation.,Critical,Diagnostic Assessment; Assessment Definition; Academic Evidence; Competency Framework; Learning Path,No separate response or submission store may be created.
DGN-003,Diagnostics,A diagnostic assignment must be tied to a PreparationJourney.,Establish a defensible baseline and gap analysis before personalized preparation.,Critical,Diagnostic Assessment; Assessment Definition; Academic Evidence; Competency Framework; Learning Path,Results must not float outside a goal and enrollment context.
DGN-004,Diagnostics,Only eligible enrolled students may start an assigned diagnostic.,Establish a defensible baseline and gap analysis before personalized preparation.,Critical,Diagnostic Assessment; Assessment Definition; Academic Evidence; Competency Framework; Learning Path,Authorization and timing are validated server-side.
DGN-005,Diagnostics,A completed diagnostic must create traceable AcademicEvidence before baseline interpretation.,Establish a defensible baseline and gap analysis before personalized preparation.,Critical,Diagnostic Assessment; Assessment Definition; Academic Evidence; Competency Framework; Learning Path,Gap analysis may not rely on unlinked aggregate scores.
DGN-006,Diagnostics,Diagnostic reports must disclose evidence coverage and confidence.,Establish a defensible baseline and gap analysis before personalized preparation.,High,Diagnostic Assessment; Assessment Definition; Academic Evidence; Competency Framework; Learning Path,Insufficient coverage must be shown rather than converted into precise placement.
DGN-007,Diagnostics,Prior official results may supplement but not silently replace required diagnostic evidence.,Establish a defensible baseline and gap analysis before personalized preparation.,High,Diagnostic Assessment; Assessment Definition; Academic Evidence; Competency Framework; Learning Path,Waiver or reduced diagnostic policy must be explicit and audited.
DGN-008,Diagnostics,Diagnostic answer keys and explanations follow configured release policy.,Establish a defensible baseline and gap analysis before personalized preparation.,High,Diagnostic Assessment; Assessment Definition; Academic Evidence; Competency Framework; Learning Path,Students must not receive protected answers before completion or approval.
DGN-009,Diagnostics,Diagnostic retesting must apply a recency and item-exposure policy.,Establish a defensible baseline and gap analysis before personalized preparation.,High,Diagnostic Assessment; Assessment Definition; Academic Evidence; Competency Framework; Learning Path,Repeated attempts must not artificially inflate baseline confidence.
DGN-010,Diagnostics,A diagnostic result must not permanently label a student.,Establish a defensible baseline and gap analysis before personalized preparation.,High,Diagnostic Assessment; Assessment Definition; Academic Evidence; Competency Framework; Learning Path,"Newer, stronger evidence can supersede the baseline."
DGN-011,Diagnostics,Gap analysis entries must map to versioned competencies.,Establish a defensible baseline and gap analysis before personalized preparation.,Critical,Diagnostic Assessment; Assessment Definition; Academic Evidence; Competency Framework; Learning Path,Free-text weaknesses may supplement but not replace canonical mappings.
DGN-012,Diagnostics,Diagnostic scoring must use the exam product’s applicable scale or a clearly identified internal scale.,Establish a defensible baseline and gap analysis before personalized preparation.,High,Diagnostic Assessment; Assessment Definition; Academic Evidence; Competency Framework; Learning Path,Displayed estimates must not be confused with official results.
DGN-013,Diagnostics,A diagnostic form must pass item and competency coverage validation.,Establish a defensible baseline and gap analysis before personalized preparation.,Critical,Diagnostic Assessment; Assessment Definition; Academic Evidence; Competency Framework; Learning Path,"The form must be rejected if required skills, difficulty or sections are missing."
DGN-014,Diagnostics,Diagnostic interruption and invalidation rules must be explicit.,Establish a defensible baseline and gap analysis before personalized preparation.,High,Diagnostic Assessment; Assessment Definition; Academic Evidence; Competency Framework; Learning Path,Incomplete evidence cannot be treated as complete without policy.
DGN-015,Diagnostics,Low-confidence constructed-response diagnostic grades must enter review where required.,Establish a defensible baseline and gap analysis before personalized preparation.,High,Diagnostic Assessment; Assessment Definition; Academic Evidence; Competency Framework; Learning Path,Baseline generation waits for effective grade decisions.
DGN-016,Diagnostics,Diagnostic completion must trigger path and readiness eligibility evaluation.,Establish a defensible baseline and gap analysis before personalized preparation.,High,Diagnostic Assessment; Assessment Definition; Academic Evidence; Competency Framework; Learning Path,Downstream generation occurs asynchronously and idempotently.
DGN-017,Diagnostics,Diagnostic reports must be immutable once released.,Establish a defensible baseline and gap analysis before personalized preparation.,High,Diagnostic Assessment; Assessment Definition; Academic Evidence; Competency Framework; Learning Path,Corrections create a superseding report with reason.
DGN-018,Diagnostics,Diagnostic data must remain distinguishable from ordinary practice and simulation evidence.,Establish a defensible baseline and gap analysis before personalized preparation.,Medium,Diagnostic Assessment; Assessment Definition; Academic Evidence; Competency Framework; Learning Path,Evidence source type and fidelity weight must be preserved.
PRC-001,Practice,Adaptive practice must define an explicit practice objective before selecting items.,"Optimize learning through controlled, evidence-driven selection rather than random item delivery.",Critical,Adaptive Practice; Question Bank; Mastery; Recommendation Engine; Examination Delivery,"Session creation records target competencies, desired evidence and available duration."
PRC-002,Practice,Selection must use only approved and eligible QuestionVersions.,"Optimize learning through controlled, evidence-driven selection rather than random item delivery.",Critical,Adaptive Practice; Question Bank; Mastery; Recommendation Engine; Examination Delivery,"Draft, retired, withdrawn or protected simulation-only items are excluded."
PRC-003,Practice,"Selection must consider mastery gap, difficulty fit, recency and exposure.","Optimize learning through controlled, evidence-driven selection rather than random item delivery.",High,Adaptive Practice; Question Bank; Mastery; Recommendation Engine; Examination Delivery,The selector records the factors and policy version used.
PRC-004,Practice,Randomness may vary eligible choices but must not replace academic selection rules.,"Optimize learning through controlled, evidence-driven selection rather than random item delivery.",High,Adaptive Practice; Question Bank; Mastery; Recommendation Engine; Examination Delivery,Random seed and selected set are persisted for reproducibility.
PRC-005,Practice,The selected item set becomes immutable when the session starts.,"Optimize learning through controlled, evidence-driven selection rather than random item delivery.",Critical,Adaptive Practice; Question Bank; Mastery; Recommendation Engine; Examination Delivery,Later question-bank changes do not alter an active session.
PRC-006,Practice,Practice must validate active enrollment and journey access.,"Optimize learning through controlled, evidence-driven selection rather than random item delivery.",Critical,Adaptive Practice; Question Bank; Mastery; Recommendation Engine; Examination Delivery,Unauthorized session creation or continuation is denied.
PRC-007,Practice,Recent repeated exposure must be penalized unless the session is an explicit review.,"Optimize learning through controlled, evidence-driven selection rather than random item delivery.",High,Adaptive Practice; Question Bank; Mastery; Recommendation Engine; Examination Delivery,The engine records deliberate review rationale.
PRC-008,Practice,Incorrect-answer review must reference the exact prior item version and response context.,"Optimize learning through controlled, evidence-driven selection rather than random item delivery.",High,Adaptive Practice; Question Bank; Mastery; Recommendation Engine; Examination Delivery,The platform must not conflate revised questions with earlier errors.
PRC-009,Practice,Practice feedback release must follow policy.,"Optimize learning through controlled, evidence-driven selection rather than random item delivery.",Critical,Adaptive Practice; Question Bank; Mastery; Recommendation Engine; Examination Delivery,Correct answers and explanations are withheld until the configured point.
PRC-010,Practice,Practice responses must create evidence only after valid evaluation.,"Optimize learning through controlled, evidence-driven selection rather than random item delivery.",Critical,Adaptive Practice; Question Bank; Mastery; Recommendation Engine; Examination Delivery,Unsubmitted or corrupted responses cannot improve mastery.
PRC-011,Practice,Evidence weight must reflect practice fidelity and item quality.,"Optimize learning through controlled, evidence-driven selection rather than random item delivery.",High,Adaptive Practice; Question Bank; Mastery; Recommendation Engine; Examination Delivery,Low-stakes untimed practice must not outweigh realistic assessments.
PRC-012,Practice,A practice session must have a bounded length or explicit continuation policy.,"Optimize learning through controlled, evidence-driven selection rather than random item delivery.",High,Adaptive Practice; Question Bank; Mastery; Recommendation Engine; Examination Delivery,"Unlimited practice means repeatable sessions, not unbounded transactions."
PRC-013,Practice,Abandoned sessions must be distinguished from completed sessions.,"Optimize learning through controlled, evidence-driven selection rather than random item delivery.",Medium,Adaptive Practice; Question Bank; Mastery; Recommendation Engine; Examination Delivery,Partial responses may be retained but used according to evidence policy.
PRC-014,Practice,Difficulty progression must avoid jumps unsupported by current evidence.,"Optimize learning through controlled, evidence-driven selection rather than random item delivery.",Medium,Adaptive Practice; Question Bank; Mastery; Recommendation Engine; Examination Delivery,The selector balances challenge with instructional suitability.
PRC-015,Practice,Adaptive selection must enforce item-exposure limits.,"Optimize learning through controlled, evidence-driven selection rather than random item delivery.",Critical,Adaptive Practice; Question Bank; Mastery; Recommendation Engine; Examination Delivery,Protected or high-value items are removed when exposure thresholds are reached.
PRC-016,Practice,Accommodations and accessibility needs must be applied without changing the measured construct improperly.,"Optimize learning through controlled, evidence-driven selection rather than random item delivery.",High,Adaptive Practice; Question Bank; Mastery; Recommendation Engine; Examination Delivery,Presentation adjustments are recorded and policy-compliant.
PRC-017,Practice,Practice recommendations must only propose activities available in the current workspace.,"Optimize learning through controlled, evidence-driven selection rather than random item delivery.",Critical,Adaptive Practice; Question Bank; Mastery; Recommendation Engine; Examination Delivery,Unavailable or unreleased practice candidates are ineligible.
PRC-018,Practice,Session completion must trigger mastery and recommendation updates asynchronously.,"Optimize learning through controlled, evidence-driven selection rather than random item delivery.",High,Adaptive Practice; Question Bank; Mastery; Recommendation Engine; Examination Delivery,Duplicate events must not create duplicate evidence or recommendations.
ASM-001,Assessments,"AssessmentDefinition, AssessmentVersion, Blueprint, Form and Delivery must remain separate objects.","Deliver standardized, reproducible and secure assessments with valid scoring and historical integrity.",Critical,Assessment Definition; Examination Delivery; Question Bank; Submission & Grading; Academic Publishing,"Authoring, exact content and availability cannot be collapsed into one mutable record."
ASM-002,Assessments,A published AssessmentVersion must be immutable.,"Deliver standardized, reproducible and secure assessments with valid scoring and historical integrity.",Critical,Assessment Definition; Examination Delivery; Question Bank; Submission & Grading; Academic Publishing,Material rule changes create a new version.
ASM-003,Assessments,Every form must satisfy its approved blueprint.,"Deliver standardized, reproducible and secure assessments with valid scoring and historical integrity.",Critical,Assessment Definition; Examination Delivery; Question Bank; Submission & Grading; Academic Publishing,"Publication validation checks counts, sections, competencies, difficulty and exclusions."
ASM-004,Assessments,A form must reference exact published QuestionVersions.,"Deliver standardized, reproducible and secure assessments with valid scoring and historical integrity.",Critical,Assessment Definition; Examination Delivery; Question Bank; Submission & Grading; Academic Publishing,No mutable latest-version lookup is permitted after approval.
ASM-005,Assessments,An assessment delivery must reference an exact form before students start.,"Deliver standardized, reproducible and secure assessments with valid scoring and historical integrity.",Critical,Assessment Definition; Examination Delivery; Question Bank; Submission & Grading; Academic Publishing,Dynamic assembly after start is prohibited unless explicitly defined by adaptive exam policy.
ASM-006,Assessments,Attempt ownership must resolve through enrollment and journey.,"Deliver standardized, reproducible and secure assessments with valid scoring and historical integrity.",Critical,Assessment Definition; Examination Delivery; Question Bank; Submission & Grading; Academic Publishing,Guessed attempt identifiers cannot grant access.
ASM-007,Assessments,Attempt limits and eligibility must be enforced atomically.,"Deliver standardized, reproducible and secure assessments with valid scoring and historical integrity.",Critical,Assessment Definition; Examination Delivery; Question Bank; Submission & Grading; Academic Publishing,Concurrent start requests must not create excess attempts.
ASM-008,Assessments,"Server timestamps are authoritative for start, deadline and submission.","Deliver standardized, reproducible and secure assessments with valid scoring and historical integrity.",Critical,Assessment Definition; Examination Delivery; Question Bank; Submission & Grading; Academic Publishing,Client clock discrepancies cannot extend or shorten valid time.
ASM-009,Assessments,Autosave must be idempotent and sequence-aware.,"Deliver standardized, reproducible and secure assessments with valid scoring and historical integrity.",Critical,Assessment Definition; Examination Delivery; Question Bank; Submission & Grading; Academic Publishing,Duplicate or out-of-order requests must not corrupt the latest valid response.
ASM-010,Assessments,Final submission must lock editable responses atomically.,"Deliver standardized, reproducible and secure assessments with valid scoring and historical integrity.",Critical,Assessment Definition; Examination Delivery; Question Bank; Submission & Grading; Academic Publishing,A repeated submit returns the same outcome rather than creating duplicate grading.
ASM-011,Assessments,Student-facing payloads must exclude answer definitions before release.,"Deliver standardized, reproducible and secure assessments with valid scoring and historical integrity.",Critical,Assessment Definition; Examination Delivery; Question Bank; Submission & Grading; Academic Publishing,Serialization and database policy both enforce isolation.
ASM-012,Assessments,"Objective grading must be deterministic for a fixed form, response set and scoring version.","Deliver standardized, reproducible and secure assessments with valid scoring and historical integrity.",Critical,Assessment Definition; Examination Delivery; Question Bank; Submission & Grading; Academic Publishing,Regrading with identical inputs must produce the same result.
ASM-013,Assessments,Constructed responses must enter the approved grading workflow.,"Deliver standardized, reproducible and secure assessments with valid scoring and historical integrity.",High,Assessment Definition; Examination Delivery; Question Bank; Submission & Grading; Academic Publishing,Release waits for required AI validation or human review.
ASM-014,Assessments,Result release must follow explicit release policy.,"Deliver standardized, reproducible and secure assessments with valid scoring and historical integrity.",High,Assessment Definition; Examination Delivery; Question Bank; Submission & Grading; Academic Publishing,Submission does not automatically imply immediate result visibility.
ASM-015,Assessments,Invalidated attempts must retain records and reason.,"Deliver standardized, reproducible and secure assessments with valid scoring and historical integrity.",Critical,Assessment Definition; Examination Delivery; Question Bank; Submission & Grading; Academic Publishing,Invalidation changes result eligibility without deleting evidence.
ASM-016,Assessments,Assessment publication requires academic review and QA.,"Deliver standardized, reproducible and secure assessments with valid scoring and historical integrity.",Critical,Assessment Definition; Examination Delivery; Question Bank; Submission & Grading; Academic Publishing,Used content cannot bypass governed publishing.
ASM-017,Assessments,Corrections to defective published assessments require impact analysis.,"Deliver standardized, reproducible and secure assessments with valid scoring and historical integrity.",High,Assessment Definition; Examination Delivery; Question Bank; Submission & Grading; Academic Publishing,Affected attempts are identified and regrade/notification decisions recorded.
ASM-018,Assessments,"Assessment history must show exact versions, accommodations and effective grade decision.","Deliver standardized, reproducible and secure assessments with valid scoring and historical integrity.",High,Assessment Definition; Examination Delivery; Question Bank; Submission & Grading; Academic Publishing,Reports must remain interpretable after later changes.
SIM-001,Mock Simulation,Exam simulations must use a versioned SimulationPolicyPack tied to an ExamProductVersion.,Reproduce exam-day behaviour through versioned policies without duplicating the common delivery kernel.,Critical,Exam Simulation; Examination Delivery; Exam Product & Specification; Platform Operations,"Timing, navigation, tools, breaks and routing must be reproducible."
SIM-002,Mock Simulation,"Simulation attempts must reuse the common Attempt, Response and Submission model.",Reproduce exam-day behaviour through versioned policies without duplicating the common delivery kernel.,Critical,Exam Simulation; Examination Delivery; Exam Product & Specification; Platform Operations,No exam-specific duplicate attempt tables are permitted.
SIM-003,Mock Simulation,A published simulation must pass fidelity validation.,Reproduce exam-day behaviour through versioned policies without duplicating the common delivery kernel.,Critical,Exam Simulation; Examination Delivery; Exam Product & Specification; Platform Operations,"Section sequence, timing, tools, media, routing and scoring are verified."
SIM-004,Mock Simulation,Server-authoritative timers must govern section and total deadlines.,Reproduce exam-day behaviour through versioned policies without duplicating the common delivery kernel.,Critical,Exam Simulation; Examination Delivery; Exam Product & Specification; Platform Operations,Client rendering is informational and cannot alter deadlines.
SIM-005,Mock Simulation,Section transitions must follow the policy pack.,Reproduce exam-day behaviour through versioned policies without duplicating the common delivery kernel.,Critical,Exam Simulation; Examination Delivery; Exam Product & Specification; Platform Operations,"Skipping, backtracking or reopening is denied unless explicitly allowed."
SIM-006,Mock Simulation,Adaptive routing may occur only where the exam specification requires it.,Reproduce exam-day behaviour through versioned policies without duplicating the common delivery kernel.,Critical,Exam Simulation; Examination Delivery; Exam Product & Specification; Platform Operations,Ordinary mocks must not become learning-adaptive during execution.
SIM-007,Mock Simulation,Breaks must be represented as controlled states.,Reproduce exam-day behaviour through versioned policies without duplicating the common delivery kernel.,High,Exam Simulation; Examination Delivery; Exam Product & Specification; Platform Operations,Break timing and eligibility are enforced and auditable.
SIM-008,Mock Simulation,Simulation tool availability must match the policy pack and accommodation profile.,Reproduce exam-day behaviour through versioned policies without duplicating the common delivery kernel.,High,Exam Simulation; Examination Delivery; Exam Product & Specification; Platform Operations,"Calculators, notes, highlighting and audio controls are not globally assumed."
SIM-009,Mock Simulation,Protected simulation items require stricter exposure controls than ordinary practice items.,Reproduce exam-day behaviour through versioned policies without duplicating the common delivery kernel.,Critical,Exam Simulation; Examination Delivery; Exam Product & Specification; Platform Operations,Practice selectors and student APIs cannot access reserved pools.
SIM-010,Mock Simulation,Simulation recordings and media failures must create incidents.,Reproduce exam-day behaviour through versioned policies without duplicating the common delivery kernel.,High,Exam Simulation; Examination Delivery; Exam Product & Specification; Platform Operations,The platform must not silently complete a section with missing media.
SIM-011,Mock Simulation,Connection recovery must follow explicit resume rules.,Reproduce exam-day behaviour through versioned policies without duplicating the common delivery kernel.,Critical,Exam Simulation; Examination Delivery; Exam Product & Specification; Platform Operations,"Recovery uses server state, saved responses and incident evidence."
SIM-012,Mock Simulation,"Administrator intervention requires permission, reason and audit.",Reproduce exam-day behaviour through versioned policies without duplicating the common delivery kernel.,Critical,Exam Simulation; Examination Delivery; Exam Product & Specification; Platform Operations,Timer or restart changes cannot be hidden.
SIM-013,Mock Simulation,Simulation invalidation must preserve responses and incident history.,Reproduce exam-day behaviour through versioned policies without duplicating the common delivery kernel.,Critical,Exam Simulation; Examination Delivery; Exam Product & Specification; Platform Operations,The outcome becomes ineligible without deleting the session.
SIM-014,Mock Simulation,Accommodations must be applied before session start unless emergency policy allows otherwise.,Reproduce exam-day behaviour through versioned policies without duplicating the common delivery kernel.,High,Exam Simulation; Examination Delivery; Exam Product & Specification; Platform Operations,The effective accommodation set is frozen with the session.
SIM-015,Mock Simulation,Simulation results must use the applicable score conversion version.,Reproduce exam-day behaviour through versioned policies without duplicating the common delivery kernel.,Critical,Exam Simulation; Examination Delivery; Exam Product & Specification; Platform Operations,Later scale changes do not alter historical results automatically.
SIM-016,Mock Simulation,"A simulation score must be identified as a preparation estimate, not an official result.",Reproduce exam-day behaviour through versioned policies without duplicating the common delivery kernel.,High,Exam Simulation; Examination Delivery; Exam Product & Specification; Platform Operations,Student and sponsor reports must use clear product positioning.
SIM-017,Mock Simulation,A completed simulation must emit high-fidelity evidence for readiness.,Reproduce exam-day behaviour through versioned policies without duplicating the common delivery kernel.,High,Exam Simulation; Examination Delivery; Exam Product & Specification; Platform Operations,"Evidence records preserve conditions, coverage and incident status."
SIM-018,Mock Simulation,Simulation capacity and concurrency controls must not block submission durability.,Reproduce exam-day behaviour through versioned policies without duplicating the common delivery kernel.,Critical,Exam Simulation; Examination Delivery; Exam Product & Specification; Platform Operations,Autosave and submit workloads receive priority over nonessential analytics.
AIC-001,AI,"AI Evaluation, Tutor, Coach, Planner and Predictor must have separate capability policies.","Use AI as a governed academic capability with reproducibility, human oversight and clear authority limits.",Critical,AI Academic Intelligence; Submission & Grading; Recommendation Engine; Exam Readiness; Audit & Compliance,A model approved for one role cannot automatically be used for another.
AIC-002,AI,No browser may call an AI provider with platform credentials.,"Use AI as a governed academic capability with reproducibility, human oversight and clear authority limits.",Critical,AI Academic Intelligence; Submission & Grading; Recommendation Engine; Exam Readiness; Audit & Compliance,All AI requests pass through authorized server-side gateway and audit controls.
AIC-003,AI,Every academic-impacting AI run must reference model and prompt versions.,"Use AI as a governed academic capability with reproducibility, human oversight and clear authority limits.",Critical,AI Academic Intelligence; Submission & Grading; Recommendation Engine; Exam Readiness; Audit & Compliance,Outputs remain reproducible and comparable.
AIC-004,AI,Structured AI output must be schema-validated before use.,"Use AI as a governed academic capability with reproducibility, human oversight and clear authority limits.",Critical,AI Academic Intelligence; Submission & Grading; Recommendation Engine; Exam Readiness; Audit & Compliance,"Invalid responses are retried, rejected or routed to review."
AIC-005,AI,AI grades must reference an approved rubric version.,"Use AI as a governed academic capability with reproducibility, human oversight and clear authority limits.",Critical,AI Academic Intelligence; Submission & Grading; Recommendation Engine; Exam Readiness; Audit & Compliance,Free-form model scoring cannot become an official grade.
AIC-006,AI,Original submission content and source hashes must be preserved.,"Use AI as a governed academic capability with reproducibility, human oversight and clear authority limits.",Critical,AI Academic Intelligence; Submission & Grading; Recommendation Engine; Exam Readiness; Audit & Compliance,AI normalization must not replace the student’s authoritative work.
AIC-007,AI,Low-confidence or policy-flagged grades must enter human review.,"Use AI as a governed academic capability with reproducibility, human oversight and clear authority limits.",Critical,AI Academic Intelligence; Submission & Grading; Recommendation Engine; Exam Readiness; Audit & Compliance,Automatic release is blocked until review or approved exception.
AIC-008,AI,Instructor override must preserve the original AI run.,"Use AI as a governed academic capability with reproducibility, human oversight and clear authority limits.",Critical,AI Academic Intelligence; Submission & Grading; Recommendation Engine; Exam Readiness; Audit & Compliance,A new GradeDecision records adjustment and reason.
AIC-009,AI,Transcript-only analysis must not claim direct pronunciation measurement.,"Use AI as a governed academic capability with reproducibility, human oversight and clear authority limits.",High,AI Academic Intelligence; Submission & Grading; Recommendation Engine; Exam Readiness; Audit & Compliance,Speaking criteria requiring acoustic evidence use approved audio analysis or disclose limitation.
AIC-010,AI,AI recommendations must be grounded in authoritative evidence and eligibility rules.,"Use AI as a governed academic capability with reproducibility, human oversight and clear authority limits.",Critical,AI Academic Intelligence; Submission & Grading; Recommendation Engine; Exam Readiness; Audit & Compliance,The model may explain but cannot invent accessible activities or hidden facts.
AIC-011,AI,AI readiness predictions must include confidence and model version.,"Use AI as a governed academic capability with reproducibility, human oversight and clear authority limits.",Critical,AI Academic Intelligence; Submission & Grading; Recommendation Engine; Exam Readiness; Audit & Compliance,Predictions are not presented as guarantees.
AIC-012,AI,AI Tutor must be restricted during protected assessments and simulations.,"Use AI as a governed academic capability with reproducibility, human oversight and clear authority limits.",Critical,AI Academic Intelligence; Submission & Grading; Recommendation Engine; Exam Readiness; Audit & Compliance,"It cannot reveal answers, solve active items or rewrite live submissions."
AIC-013,AI,AI context must apply least-data principles.,"Use AI as a governed academic capability with reproducibility, human oversight and clear authority limits.",Critical,AI Academic Intelligence; Submission & Grading; Recommendation Engine; Exam Readiness; Audit & Compliance,Only authorized and necessary student/content data are provided.
AIC-014,AI,AI provider failure must not prevent durable submission.,"Use AI as a governed academic capability with reproducibility, human oversight and clear authority limits.",Critical,AI Academic Intelligence; Submission & Grading; Recommendation Engine; Exam Readiness; Audit & Compliance,"Work is queued, retried or routed while the student receives a confirmed submission."
AIC-015,AI,"AI cost, latency and error rates must be measured by capability and academy.","Use AI as a governed academic capability with reproducibility, human oversight and clear authority limits.",High,AI Academic Intelligence; Submission & Grading; Recommendation Engine; Exam Readiness; Audit & Compliance,Budgets and fallback rules are enforced.
AIC-016,AI,Model or prompt activation requires benchmark evaluation and approval.,"Use AI as a governed academic capability with reproducibility, human oversight and clear authority limits.",Critical,AI Academic Intelligence; Submission & Grading; Recommendation Engine; Exam Readiness; Audit & Compliance,Unvalidated versions cannot process production academic decisions.
AIC-017,AI,AI outputs must have retention and redaction policies.,"Use AI as a governed academic capability with reproducibility, human oversight and clear authority limits.",High,AI Academic Intelligence; Submission & Grading; Recommendation Engine; Exam Readiness; Audit & Compliance,Raw provider payloads are not retained indefinitely without purpose.
AIC-018,AI,Students must have an appeal or review path for consequential AI evaluation.,"Use AI as a governed academic capability with reproducibility, human oversight and clear authority limits.",High,AI Academic Intelligence; Submission & Grading; Recommendation Engine; Exam Readiness; Audit & Compliance,Disputed results create a traceable review workflow.
REC-001,Recommendations,Every recommendation must reference a policy version and evidence basis.,"Convert academic evidence into eligible, explainable and measurable next-best actions.",Critical,Recommendation Engine; Mastery; Exam Readiness; Learning Path; Study Planning,The reason can be reproduced after models or data change.
REC-002,Recommendations,Candidate generation and eligibility must precede ranking.,"Convert academic evidence into eligible, explainable and measurable next-best actions.",Critical,Recommendation Engine; Mastery; Exam Readiness; Learning Path; Study Planning,The system cannot rank unavailable or unauthorized activities.
REC-003,Recommendations,Recommendations must resolve within the active journey and workspace.,"Convert academic evidence into eligible, explainable and measurable next-best actions.",Critical,Recommendation Engine; Mastery; Exam Readiness; Learning Path; Study Planning,Cross-enrollment candidates are excluded.
REC-004,Recommendations,A recommendation must identify its academic objective.,"Convert academic evidence into eligible, explainable and measurable next-best actions.",High,Recommendation Engine; Mastery; Exam Readiness; Learning Path; Study Planning,"Next lesson, practice or simulation must state the skill or plan need addressed."
REC-005,Recommendations,Recommendation explanations must be grounded in structured facts.,"Convert academic evidence into eligible, explainable and measurable next-best actions.",High,Recommendation Engine; Mastery; Exam Readiness; Learning Path; Study Planning,AI wording may not introduce unsupported weaknesses or score claims.
REC-006,Recommendations,Expired or completed activities must not remain active recommendations.,"Convert academic evidence into eligible, explainable and measurable next-best actions.",High,Recommendation Engine; Mastery; Exam Readiness; Learning Path; Study Planning,Status updates remove or supersede stale items.
REC-007,Recommendations,Duplicate active recommendations require an explicit complementary purpose.,"Convert academic evidence into eligible, explainable and measurable next-best actions.",Medium,Recommendation Engine; Mastery; Exam Readiness; Learning Path; Study Planning,The engine suppresses repetitive suggestions.
REC-008,Recommendations,"Ranking must consider target impact, weakness severity, exam weighting and time to goal.","Convert academic evidence into eligible, explainable and measurable next-best actions.",High,Recommendation Engine; Mastery; Exam Readiness; Learning Path; Study Planning,The policy records contributing factors.
REC-009,Recommendations,Workload and diversity constraints must prevent an impractical queue.,"Convert academic evidence into eligible, explainable and measurable next-best actions.",High,Recommendation Engine; Mastery; Exam Readiness; Learning Path; Study Planning,The engine limits volume and balances activity types.
REC-010,Recommendations,Instructor-assigned priorities may influence ranking but must be visible.,"Convert academic evidence into eligible, explainable and measurable next-best actions.",Medium,Recommendation Engine; Mastery; Exam Readiness; Learning Path; Study Planning,The recommendation identifies the human assignment source.
REC-011,Recommendations,Student dismissal must be recorded without suppressing mandatory academic requirements.,"Convert academic evidence into eligible, explainable and measurable next-best actions.",Medium,Recommendation Engine; Mastery; Exam Readiness; Learning Path; Study Planning,Dismissal reasons inform future ranking and planning.
REC-012,Recommendations,Acceptance does not count as completion.,"Convert academic evidence into eligible, explainable and measurable next-best actions.",High,Recommendation Engine; Mastery; Exam Readiness; Learning Path; Study Planning,Outcome tracking links to actual activity evidence.
REC-013,Recommendations,Recommendation effectiveness must be evaluated after the activity.,"Convert academic evidence into eligible, explainable and measurable next-best actions.",High,Recommendation Engine; Mastery; Exam Readiness; Learning Path; Study Planning,"The system records completion, performance and subsequent mastery/readiness changes."
REC-014,Recommendations,Policy changes create new RecommendationPolicyVersions.,"Convert academic evidence into eligible, explainable and measurable next-best actions.",Critical,Recommendation Engine; Mastery; Exam Readiness; Learning Path; Study Planning,Existing recommendations retain their generation context.
REC-015,Recommendations,A recommendation cannot disclose protected assessment content.,"Convert academic evidence into eligible, explainable and measurable next-best actions.",Critical,Recommendation Engine; Mastery; Exam Readiness; Learning Path; Study Planning,Candidate metadata excludes hidden questions and answers.
REC-016,Recommendations,Insufficient evidence should generate diagnostic or evidence-gathering recommendations.,"Convert academic evidence into eligible, explainable and measurable next-best actions.",High,Recommendation Engine; Mastery; Exam Readiness; Learning Path; Study Planning,The platform does not fabricate a weakness ranking.
REC-017,Recommendations,Study-plan constraints must be respected when recommending time-bound work.,"Convert academic evidence into eligible, explainable and measurable next-best actions.",High,Recommendation Engine; Mastery; Exam Readiness; Learning Path; Study Planning,Conflicts trigger replanning rather than impossible schedules.
REC-018,Recommendations,Recommendations must support manual review or suppression for sensitive cohorts.,"Convert academic evidence into eligible, explainable and measurable next-best actions.",Medium,Recommendation Engine; Mastery; Exam Readiness; Learning Path; Study Planning,Authorized academic staff may intervene with reason and audit.
RDY-001,Readiness,Readiness must be calculated against an active GoalVersion.,"Measure likely target achievement from product-specific, recent and reliable evidence rather than completion.",Critical,Exam Readiness; Mastery; Goal Management; Academic Evidence; Exam Simulation,No target-independent readiness claim is permitted.
RDY-002,Readiness,Readiness models must be versioned per applicable exam product context.,"Measure likely target achievement from product-specific, recent and reliable evidence rather than completion.",Critical,Exam Readiness; Mastery; Goal Management; Academic Evidence; Exam Simulation,A universal unvalidated formula cannot govern all examinations.
RDY-003,Readiness,Minimum evidence requirements must be explicit.,"Measure likely target achievement from product-specific, recent and reliable evidence rather than completion.",Critical,Exam Readiness; Mastery; Goal Management; Academic Evidence; Exam Simulation,"When unmet, the result is insufficient_evidence rather than an invented percentage."
RDY-004,Readiness,"Readiness inputs must preserve evidence source, recency, fidelity and reliability.","Measure likely target achievement from product-specific, recent and reliable evidence rather than completion.",Critical,Exam Readiness; Mastery; Goal Management; Academic Evidence; Exam Simulation,A five-question practice cannot silently equal a full simulation.
RDY-005,Readiness,Predicted score must use the exam product’s score semantics.,"Measure likely target achievement from product-specific, recent and reliable evidence rather than completion.",Critical,Exam Readiness; Mastery; Goal Management; Academic Evidence; Exam Simulation,Cross-product generic scores are not displayed as native outcomes.
RDY-006,Readiness,Predictions should include a range or uncertainty indicator where applicable.,"Measure likely target achievement from product-specific, recent and reliable evidence rather than completion.",High,Exam Readiness; Mastery; Goal Management; Academic Evidence; Exam Simulation,Point estimates are not presented with false precision.
RDY-007,Readiness,Readiness percentage must not be described as pass probability unless calibrated as such.,"Measure likely target achievement from product-specific, recent and reliable evidence rather than completion.",Critical,Exam Readiness; Mastery; Goal Management; Academic Evidence; Exam Simulation,Labels and explanations reflect the actual model meaning.
RDY-008,Readiness,Confidence must be calculated separately from readiness level.,"Measure likely target achievement from product-specific, recent and reliable evidence rather than completion.",Critical,Exam Readiness; Mastery; Goal Management; Academic Evidence; Exam Simulation,High predicted performance with weak evidence remains low confidence.
RDY-009,Readiness,Weak and strong skills must map to versioned competencies.,"Measure likely target achievement from product-specific, recent and reliable evidence rather than completion.",High,Exam Readiness; Mastery; Goal Management; Academic Evidence; Exam Simulation,Free-text observations may supplement but not replace canonical skill outputs.
RDY-010,Readiness,Readiness recalculation must be event-driven and idempotent.,"Measure likely target achievement from product-specific, recent and reliable evidence rather than completion.",High,Exam Readiness; Mastery; Goal Management; Academic Evidence; Exam Simulation,Duplicate evidence events do not create conflicting snapshots.
RDY-011,Readiness,Readiness snapshots must be immutable.,"Measure likely target achievement from product-specific, recent and reliable evidence rather than completion.",Critical,Exam Readiness; Mastery; Goal Management; Academic Evidence; Exam Simulation,A new snapshot supersedes rather than overwrites history.
RDY-012,Readiness,Goal changes invalidate or supersede dependent readiness.,"Measure likely target achievement from product-specific, recent and reliable evidence rather than completion.",Critical,Exam Readiness; Mastery; Goal Management; Academic Evidence; Exam Simulation,The platform marks prior snapshots as calculated against the old target.
RDY-013,Readiness,Invalidated evidence must trigger recalculation.,"Measure likely target achievement from product-specific, recent and reliable evidence rather than completion.",Critical,Exam Readiness; Mastery; Goal Management; Academic Evidence; Exam Simulation,Affected mastery and readiness are rebuilt from the valid evidence boundary.
RDY-014,Readiness,"Target-ready status requires policy thresholds for score, confidence and coverage.","Measure likely target achievement from product-specific, recent and reliable evidence rather than completion.",Critical,Exam Readiness; Mastery; Goal Management; Academic Evidence; Exam Simulation,A strong single-section score cannot unlock full readiness.
RDY-015,Readiness,Estimated readiness date must disclose assumptions and may be unavailable.,"Measure likely target achievement from product-specific, recent and reliable evidence rather than completion.",High,Exam Readiness; Mastery; Goal Management; Academic Evidence; Exam Simulation,Missing study availability or unstable trend prevents false date prediction.
RDY-016,Readiness,Official results must not retroactively rewrite historical readiness snapshots.,"Measure likely target achievement from product-specific, recent and reliable evidence rather than completion.",High,Exam Readiness; Mastery; Goal Management; Academic Evidence; Exam Simulation,Outcome evaluation compares predictions with results for calibration.
RDY-017,Readiness,Readiness risk events must be explainable.,"Measure likely target achievement from product-specific, recent and reliable evidence rather than completion.",High,Exam Readiness; Mastery; Goal Management; Academic Evidence; Exam Simulation,"Student Success receives the target gap, confidence and triggering factors."
RDY-018,Readiness,Readiness access must be audience-scoped.,"Measure likely target achievement from product-specific, recent and reliable evidence rather than completion.",High,Exam Readiness; Mastery; Goal Management; Academic Evidence; Exam Simulation,"Sponsors receive approved summaries, not internal models or private evidence details."
SEC-001,Security,Every academy-owned record must carry or derive an unambiguous academy boundary.,"Protect tenant isolation, examination integrity, personal data and privileged operations.",Critical,Identity & Access; Audit & Compliance; Platform Operations; all academy-owned domains,Queries and commands fail closed when scope cannot be resolved.
SEC-002,Security,Row-level security must default to deny for protected data.,"Protect tenant isolation, examination integrity, personal data and privileged operations.",Critical,Identity & Access; Audit & Compliance; Platform Operations; all academy-owned domains,Access exists only through explicit policies and service pathways.
SEC-003,Security,Application authorization and database policy must both protect sensitive workflows.,"Protect tenant isolation, examination integrity, personal data and privileged operations.",Critical,Identity & Access; Audit & Compliance; Platform Operations; all academy-owned domains,Neither layer is treated as the sole control.
SEC-004,Security,Service-role credentials must never be exposed to client applications.,"Protect tenant isolation, examination integrity, personal data and privileged operations.",Critical,Identity & Access; Audit & Compliance; Platform Operations; all academy-owned domains,Privileged operations execute only in trusted server/worker environments.
SEC-005,Security,Answer definitions must be isolated from student-readable contracts.,"Protect tenant isolation, examination integrity, personal data and privileged operations.",Critical,Identity & Access; Audit & Compliance; Platform Operations; all academy-owned domains,"Negative tests verify that identifiers, joins and storage paths cannot reveal answers."
SEC-006,Security,Object storage for student work and premium content must be private.,"Protect tenant isolation, examination integrity, personal data and privileged operations.",Critical,Identity & Access; Audit & Compliance; Platform Operations; all academy-owned domains,Access uses short-lived authorized delivery.
SEC-007,Security,"File uploads must be validated, scanned and quarantined before active use.","Protect tenant isolation, examination integrity, personal data and privileged operations.",Critical,Identity & Access; Audit & Compliance; Platform Operations; all academy-owned domains,Unsafe or mismatched files remain inaccessible.
SEC-008,Security,"Sensitive exports require explicit permission, purpose and audit.","Protect tenant isolation, examination integrity, personal data and privileged operations.",Critical,Identity & Access; Audit & Compliance; Platform Operations; all academy-owned domains,Large or restricted exports may require approval and asynchronous delivery.
SEC-009,Security,Privileged changes must require reauthentication where risk warrants it.,"Protect tenant isolation, examination integrity, personal data and privileged operations.",High,Identity & Access; Audit & Compliance; Platform Operations; all academy-owned domains,"Role, grade, timer, security and destructive actions may prompt step-up authentication."
SEC-010,Security,"Rate limits must protect authentication, autosave, submission and expensive AI endpoints appropriately.","Protect tenant isolation, examination integrity, personal data and privileged operations.",High,Identity & Access; Audit & Compliance; Platform Operations; all academy-owned domains,Controls prevent abuse without sacrificing exam submission durability.
SEC-011,Security,Secrets must be stored in a managed secret system and rotated.,"Protect tenant isolation, examination integrity, personal data and privileged operations.",Critical,Identity & Access; Audit & Compliance; Platform Operations; all academy-owned domains,"No secret appears in source, logs, prompts or client bundles."
SEC-012,Security,"Logs must exclude tokens, answer keys and full restricted submissions.","Protect tenant isolation, examination integrity, personal data and privileged operations.",Critical,Identity & Access; Audit & Compliance; Platform Operations; all academy-owned domains,Structured redaction applies before persistence.
SEC-013,Security,Security events must carry correlation and actor identity.,"Protect tenant isolation, examination integrity, personal data and privileged operations.",High,Identity & Access; Audit & Compliance; Platform Operations; all academy-owned domains,"Investigation can connect API, database, worker and provider activity."
SEC-014,Security,Cross-tenant access tests are mandatory for every protected entity group.,"Protect tenant isolation, examination integrity, personal data and privileged operations.",Critical,Identity & Access; Audit & Compliance; Platform Operations; all academy-owned domains,CI must prove students and staff cannot cross academy or assignment boundaries.
SEC-015,Security,Sponsor permissions must be consent-based and field-level.,"Protect tenant isolation, examination integrity, personal data and privileged operations.",Critical,Identity & Access; Audit & Compliance; Platform Operations; all academy-owned domains,Sponsor role alone grants no blanket student access.
SEC-016,Security,Assessment integrity assistance must be disabled during protected sessions.,"Protect tenant isolation, examination integrity, personal data and privileged operations.",Critical,Identity & Access; Audit & Compliance; Platform Operations; all academy-owned domains,AI Tutor and unauthorized collaboration features are restricted.
SEC-017,Security,Data retention and erasure must distinguish personal identity from retained academic evidence.,"Protect tenant isolation, examination integrity, personal data and privileged operations.",High,Identity & Access; Audit & Compliance; Platform Operations; all academy-owned domains,Deletion workflows preserve lawful records while minimizing personal data.
SEC-018,Security,"Security policy exceptions require named owner, expiry and audit.","Protect tenant isolation, examination integrity, personal data and privileged operations.",High,Identity & Access; Audit & Compliance; Platform Operations; all academy-owned domains,Temporary bypasses cannot become permanent undocumented access.
ADM-001,Administration,The administration experience must be organized as an Academic Operations Center.,Govern academic quality and sensitive operations beyond ordinary record management.,High,Academic Operations; Academic Publishing; Academy; Audit & Compliance,"Work queues, quality gates, live delivery and student outcomes take precedence over generic CRUD."
ADM-002,Administration,Administrative permissions must be capability- and scope-based.,Govern academic quality and sensitive operations beyond ordinary record management.,Critical,Academic Operations; Academic Publishing; Academy; Audit & Compliance,Being an administrator in one academy does not grant platform-wide access.
ADM-003,Administration,Content authors cannot approve and publish their own high-risk assessment content without an approved exception.,Govern academic quality and sensitive operations beyond ordinary record management.,Critical,Academic Operations; Academic Publishing; Academy; Audit & Compliance,Separation of duties is enforced by publication tier.
ADM-004,Administration,Published academic objects cannot be edited in place.,Govern academic quality and sensitive operations beyond ordinary record management.,Critical,Academic Operations; Academic Publishing; Academy; Audit & Compliance,Administrators create superseding versions or emergency withdrawal.
ADM-005,Administration,Delete must be limited to unused drafts.,Govern academic quality and sensitive operations beyond ordinary record management.,Critical,Academic Operations; Academic Publishing; Academy; Audit & Compliance,"Used or published objects are retired, archived or withdrawn."
ADM-006,Administration,Bulk operations must run the same validation and authorization as individual commands.,Govern academic quality and sensitive operations beyond ordinary record management.,Critical,Academic Operations; Academic Publishing; Academy; Audit & Compliance,Batch size cannot bypass business rules.
ADM-007,Administration,"Imports require dry run, schema validation, duplicate detection and provenance.",Govern academic quality and sensitive operations beyond ordinary record management.,High,Academic Operations; Academic Publishing; Academy; Audit & Compliance,Invalid records are reported per item before commit.
ADM-008,Administration,Academic review decisions require reviewer identity and rationale.,Govern academic quality and sensitive operations beyond ordinary record management.,High,Academic Operations; Academic Publishing; Academy; Audit & Compliance,Anonymous or untraceable approval is prohibited.
ADM-009,Administration,Grade overrides require academic authority and reason.,Govern academic quality and sensitive operations beyond ordinary record management.,Critical,Academic Operations; Academic Publishing; Academy; Audit & Compliance,Original grade runs remain preserved.
ADM-010,Administration,Live simulation interventions require dedicated permission.,Govern academic quality and sensitive operations beyond ordinary record management.,Critical,Academic Operations; Academic Publishing; Academy; Audit & Compliance,General admin rights do not automatically permit timer or restart changes.
ADM-011,Administration,"Configuration must be divided into safe academy settings, restricted platform settings and deployment secrets.",Govern academic quality and sensitive operations beyond ordinary record management.,Critical,Academic Operations; Academic Publishing; Academy; Audit & Compliance,Secrets and infrastructure controls are never editable as ordinary content.
ADM-012,Administration,"Feature flags must have owner, audience, expiry or review date.",Govern academic quality and sensitive operations beyond ordinary record management.,High,Academic Operations; Academic Publishing; Academy; Audit & Compliance,Experimental features do not become permanent unmanaged behaviour.
ADM-013,Administration,Admin previews must use explicit preview context and never alter student progress.,Govern academic quality and sensitive operations beyond ordinary record management.,High,Academic Operations; Academic Publishing; Academy; Audit & Compliance,Preview attempts are segregated from academic evidence.
ADM-014,Administration,Publication scheduling must verify all dependency versions remain approved.,Govern academic quality and sensitive operations beyond ordinary record management.,Critical,Academic Operations; Academic Publishing; Academy; Audit & Compliance,A previously valid package is blocked if a dependency is withdrawn.
ADM-015,Administration,Emergency content withdrawal must identify affected attempts and operational actions.,Govern academic quality and sensitive operations beyond ordinary record management.,Critical,Academic Operations; Academic Publishing; Academy; Audit & Compliance,The system opens impact analysis and notification work.
ADM-016,Administration,Administrative dashboards must use projections rather than direct unbounded transactional queries.,Govern academic quality and sensitive operations beyond ordinary record management.,High,Academic Operations; Academic Publishing; Academy; Audit & Compliance,Operational load cannot degrade examinations.
ADM-017,Administration,Support impersonation must be visible and fully audited.,Govern academic quality and sensitive operations beyond ordinary record management.,Critical,Academic Operations; Academic Publishing; Academy; Audit & Compliance,The original actor and reason remain attached to every action.
ADM-018,Administration,Academy suspension must block new activity while preserving tenant data and recovery options.,Govern academic quality and sensitive operations beyond ordinary record management.,Critical,Academic Operations; Academic Publishing; Academy; Audit & Compliance,Suspension is reversible and not equivalent to deletion.
RPT-001,Reporting,"Every governed metric must have a named definition, owner and version.","Provide consistent, decision-grade academic intelligence without turning projections into sources of truth.",Critical,Academic Intelligence; Analytics & Reporting; Student Success; Exam Readiness; Psychometrics & Item Quality,Reports resolve formulas from the metric catalogue.
RPT-002,Reporting,Analytics projections are not authoritative for transactional state.,"Provide consistent, decision-grade academic intelligence without turning projections into sources of truth.",Critical,Academic Intelligence; Analytics & Reporting; Student Success; Exam Readiness; Psychometrics & Item Quality,Conflicts are corrected from source domains rather than editing the projection.
RPT-003,Reporting,"Reports must disclose population, period, timezone and freshness.","Provide consistent, decision-grade academic intelligence without turning projections into sources of truth.",High,Academic Intelligence; Analytics & Reporting; Student Success; Exam Readiness; Psychometrics & Item Quality,Users can interpret scope and compare results correctly.
RPT-004,Reporting,Target-achievement rate should replace generic pass rate where the exam has no universal pass threshold.,"Provide consistent, decision-grade academic intelligence without turning projections into sources of truth.",High,Academic Intelligence; Analytics & Reporting; Student Success; Exam Readiness; Psychometrics & Item Quality,Outcome reporting compares verified results with defined goals.
RPT-005,Reporting,Course effectiveness must adjust or segment by starting baseline and target difficulty.,"Provide consistent, decision-grade academic intelligence without turning projections into sources of truth.",High,Academic Intelligence; Analytics & Reporting; Student Success; Exam Readiness; Psychometrics & Item Quality,Raw final scores alone are not used to rank courses.
RPT-006,Reporting,Instructor effectiveness must not be inferred from raw student scores alone.,"Provide consistent, decision-grade academic intelligence without turning projections into sources of truth.",Critical,Academic Intelligence; Analytics & Reporting; Student Success; Exam Readiness; Psychometrics & Item Quality,"Reports include baseline, engagement, cohort mix and assignment context."
RPT-007,Reporting,AI accuracy reporting must compare AI with approved human or benchmark evidence.,"Provide consistent, decision-grade academic intelligence without turning projections into sources of truth.",High,Academic Intelligence; Analytics & Reporting; Student Success; Exam Readiness; Psychometrics & Item Quality,Override rate alone is not treated as ground truth.
RPT-008,Reporting,Item statistics must disclose sample size and population.,"Provide consistent, decision-grade academic intelligence without turning projections into sources of truth.",High,Academic Intelligence; Analytics & Reporting; Student Success; Exam Readiness; Psychometrics & Item Quality,Small or incompatible samples do not produce definitive quality labels.
RPT-009,Reporting,Readiness distribution must separate readiness level from confidence.,"Provide consistent, decision-grade academic intelligence without turning projections into sources of truth.",High,Academic Intelligence; Analytics & Reporting; Student Success; Exam Readiness; Psychometrics & Item Quality,Low-confidence predictions are visibly distinguished.
RPT-010,Reporting,Student-facing reports must avoid internal risk labels and private staff notes.,"Provide consistent, decision-grade academic intelligence without turning projections into sources of truth.",Critical,Academic Intelligence; Analytics & Reporting; Student Success; Exam Readiness; Psychometrics & Item Quality,Audience-specific projections control sensitive interpretation.
RPT-011,Reporting,Sponsor reports must follow consent and field-level visibility.,"Provide consistent, decision-grade academic intelligence without turning projections into sources of truth.",Critical,Academic Intelligence; Analytics & Reporting; Student Success; Exam Readiness; Psychometrics & Item Quality,"No raw answers, recordings or private AI conversations are included."
RPT-012,Reporting,Exports must apply the same row and field authorization as interactive views.,"Provide consistent, decision-grade academic intelligence without turning projections into sources of truth.",Critical,Academic Intelligence; Analytics & Reporting; Student Success; Exam Readiness; Psychometrics & Item Quality,Asynchronous export workers cannot bypass RLS or application scope.
RPT-013,Reporting,Personally identifiable data must be minimized in aggregate reporting.,"Provide consistent, decision-grade academic intelligence without turning projections into sources of truth.",High,Academic Intelligence; Analytics & Reporting; Student Success; Exam Readiness; Psychometrics & Item Quality,Small groups are suppressed or protected where re-identification risk exists.
RPT-014,Reporting,Historical reports must retain metric and model versions.,"Provide consistent, decision-grade academic intelligence without turning projections into sources of truth.",High,Academic Intelligence; Analytics & Reporting; Student Success; Exam Readiness; Psychometrics & Item Quality,A later formula change does not silently rewrite prior decisions.
RPT-015,Reporting,Official and practice results must be clearly distinguished.,"Provide consistent, decision-grade academic intelligence without turning projections into sources of truth.",High,Academic Intelligence; Analytics & Reporting; Student Success; Exam Readiness; Psychometrics & Item Quality,No simulation score is labelled as an official result.
RPT-016,Reporting,Data-quality exceptions must be surfaced rather than silently omitted.,"Provide consistent, decision-grade academic intelligence without turning projections into sources of truth.",High,Academic Intelligence; Analytics & Reporting; Student Success; Exam Readiness; Psychometrics & Item Quality,"Reports include missing, invalidated or delayed-source indicators."
RPT-017,Reporting,Large analytical workloads must be isolated from live exam operations.,"Provide consistent, decision-grade academic intelligence without turning projections into sources of truth.",Critical,Academic Intelligence; Analytics & Reporting; Student Success; Exam Readiness; Psychometrics & Item Quality,"Projections, replicas or warehouses handle heavy queries."
RPT-018,Reporting,Academic Intelligence recommendations must be traceable to governed metrics and source lineage.,"Provide consistent, decision-grade academic intelligence without turning projections into sources of truth.",High,Academic Intelligence; Analytics & Reporting; Student Success; Exam Readiness; Psychometrics & Item Quality,Decision-makers can inspect why an insight was produced.
