Phase,Programme,Epic,Feature / Scope,Dependencies,Acceptance Criteria,Primary Risk,Deliverable
Phase 1,Platform Foundation,Repository & Toolchain,"Create monorepo, package boundaries, lint/type/test standards and dependency rules.",Architecture and EDR approval,"Build, type-check, lint and test run consistently locally and in CI.",Tooling fragmentation,Working engineering platform
Phase 1,Platform Foundation,Environments & CI/CD,"Create development, staging and production deployment pipelines with secrets and approvals.",Repository foundation,Repeatable deployment with rollback evidence.,Environment drift,Controlled deployment pipeline
Phase 1,Platform Foundation,Observability Foundation,"Implement trace context, structured logs, metrics, health endpoints and alert routing.",Application skeleton,Every service emits correlated telemetry.,Unobservable early defects,Operational baseline
Phase 2,"Identity, Academy & Authorization",Identity Adapter,Integrate authentication through a provider adapter and secure session boundary.,Phase 1,Authentication flows and staff MFA pass security tests.,Provider coupling,Trusted identity layer
Phase 2,"Identity, Academy & Authorization",Academy Scope & Permissions,"Implement academy membership, permission evaluation and RLS foundations.",Identity,Cross-tenant negative tests pass.,Tenant leakage,Authorisation platform
Phase 3,"Exam Specification, Course, Enrollment & Goals",Exam Specification Registry,"Implement versioned exam products, score scales and policy configuration.",Phase 2,Historical versions remain reproducible.,Hard-coded exam logic,Exam specification module
Phase 3,"Exam Specification, Course, Enrollment & Goals",Course & Enrollment,"Implement course versions, offerings, cohorts and active entitlement.",Academy and exam specification,Only active enrolled students receive access.,Access inconsistency,Course entitlement
Phase 3,"Exam Specification, Course, Enrollment & Goals",Goal Management,Implement versioned goals and recalculation triggers.,Enrollment,Material goal changes preserve history and emit events.,Silent goal mutation,Goal module
Phase 4,"Preparation Journey, Diagnostics & Workspace",Preparation Journey,Implement journey lifecycle and snapshots.,Enrollment and goals,Journey state changes follow canonical rules.,Overlapping state ownership,Journey orchestration
Phase 4,"Preparation Journey, Diagnostics & Workspace",Diagnostic Delivery,Implement diagnostic policy using the shared delivery kernel.,Journey and assessment foundation,Baseline evidence and gap analysis produced.,Duplicate assessment code,Diagnostic capability
Phase 4,"Preparation Journey, Diagnostics & Workspace",Learning Workspace,Build authorised workspace composition and read projection.,"Journey, enrollment and course",Workspace shows only permitted capability state.,Read model becoming source of truth,Student preparation experience
Phase 5,"Competency, Learning Paths & Question Bank",Competency Framework,Implement immutable versioned competency graphs and mappings.,Exam specification,All academic objects map to approved competencies.,Taxonomy divergence,Academic spine
Phase 5,"Competency, Learning Paths & Question Bank",Learning Path & Study Plan,"Implement path generation, scheduling and revisions.",Diagnostics and competencies,"Plans reflect goals, availability and prerequisites.",Unexplainable personalisation,Personalised route
Phase 5,"Competency, Learning Paths & Question Bank",Question Bank,"Implement question versions, stimuli, answers, rubrics and publishing workflow.",Competencies and publishing,Published versions are immutable and answer keys isolated.,Question corruption,Governed item bank
Phase 6,Unified Examination Definition & Delivery,Assessment Definitions,"Implement blueprints, forms, sections, item pinning and publication manifests.",Question Bank,Forms pin exact approved versions.,Historical mismatch,Assessment design
Phase 6,Unified Examination Definition & Delivery,Delivery Kernel,"Implement eligibility, attempts, responses, autosave, timing and final submission.",Assessment definitions,Idempotent saves/submits and recovery tests pass.,Response loss,Reliable examination core
Phase 7,Adaptive Practice & Assessments,Adaptive Practice,"Implement candidate eligibility, exposure, difficulty and priority policies.",Mastery foundation and question bank,Selection is explainable and no protected item leakage occurs.,Pseudo-adaptive claims,Adaptive practice
Phase 7,Adaptive Practice & Assessments,Standard Assessments,"Implement scheduling, release and objective grading.",Delivery kernel,Assessment states and releases follow policy.,Premature result release,Assessment capability
Phase 8,Exam Simulation,Simulation Policy Packs,"Implement configurable exam-specific timing, sequence, tools and accommodations.",Exam specification and delivery kernel,Fidelity QA passes for each launch exam.,Exam-specific duplication,Simulation engine
Phase 8,Exam Simulation,Incident & Recovery,"Implement reconnect, incident capture, restart and invalidation workflows.",Simulation sessions,Disputed sessions have traceable evidence.,Exam integrity disputes,Operational resilience
Phase 9,AI Evaluation & Learning Assistance,AI Gateway & Registries,"Implement provider adapters, prompt/model versions, budgets and audit.",Platform foundation,No direct provider calls outside gateway.,Vendor lock-in and untracked cost,AI platform
Phase 9,AI Evaluation & Learning Assistance,Writing & Speaking Evaluation,"Implement async evaluation, confidence gates and human review.",Submission and grading,Benchmark thresholds and fallbacks pass.,Incorrect grading,Governed AI evaluation
Phase 9,AI Evaluation & Learning Assistance,"Tutor, Coach & Planner",Implement authorised-context assistant capabilities with assessment restrictions.,"Learning content, goals and plans",No hidden-answer or cross-student leakage.,Hallucination and integrity,AI learning support
Phase 10,"Readiness, Recommendations & Student Success",Academic Evidence & Mastery,Implement evidence ledger and versioned mastery calculations.,All academic activity domains,Evidence retains provenance and confidence.,Untraceable scores,Academic intelligence foundation
Phase 10,"Readiness, Recommendations & Student Success",Exam Readiness,Implement product-specific prediction and confidence.,Mastery and simulations,Insufficient evidence is explicit and historical snapshots preserved.,False certainty,Readiness capability
Phase 10,"Readiness, Recommendations & Student Success",Recommendations & Interventions,Implement next-best activity and student-success cases.,"Readiness, plans and content",Recommendations are explainable and outcomes measured.,Opaque automation,Personalised progression
Phase 11,"Migration, Hardening & Launch",Legacy Migration,"Inventory, transform, reconcile and cut over V1 data.",All target domains stable,"Record counts, relationships and academic results reconcile.",Data loss,V2 migrated data
Phase 11,"Migration, Hardening & Launch",Production Hardening,"Complete load, security, accessibility, disaster recovery and operations testing.",All capabilities,All critical quality gates pass.,Launch instability,Production readiness
Phase 11,"Migration, Hardening & Launch",Controlled Cutover,"Pilot academies, feature flags, support readiness and rollback.",Hardening,Launch can be halted or reversed safely.,Irreversible cutover,Production launch
